ISO-10303-21;
HEADER;
FILE_DESCRIPTION (( 'STEP AP203' ),
    '1' );
FILE_NAME ('Delta_12025_Fan_Guard.step',
    '2026-09-18T14:04:11',
    ( '' ),
    ( '' ),
    'SwSTEP 2.0',
    'SolidWorks 2026',
    '' );
FILE_SCHEMA (( 'CONFIG_CONTROL_DESIGN' ));
ENDSEC;

DATA;
#1 = COORDINATED_UNIVERSAL_TIME_OFFSET ( 8, 0, .AHEAD. ) ;
#2 = EDGE_CURVE ( 'NONE', #3084, #2475, #2135, .T. ) ;
#3 = VERTEX_POINT ( 'NONE', #1359 ) ;
#4 = FACE_BOUND ( 'NONE', #1057, .T. ) ;
#5 = CARTESIAN_POINT ( 'NONE',  ( 0.000000000000000000, 0.000000000000000000, 0.000000000000000000 ) ) ;
#6 = ORIENTED_EDGE ( 'NONE', *, *, #1842, .F. ) ;
#7 = CARTESIAN_POINT ( 'NONE',  ( 52.00000000000000000, 1.500000000000000000, -60.00000000000000000 ) ) ;
#8 = DIRECTION ( 'NONE',  ( -0.000000000000000000, -1.000000000000000000, -0.000000000000000000 ) ) ;
#9 = ORIENTED_EDGE ( 'NONE', *, *, #1884, .F. ) ;
#10 = CARTESIAN_POINT ( 'NONE',  ( -60.00000000000000000, 1.500000000000000000, 52.00000000000000000 ) ) ;
#11 = CARTESIAN_POINT ( 'NONE',  ( -38.92622830431944436, 0.000000000000000000, 40.26973118857388556 ) ) ;
#12 = EDGE_LOOP ( 'NONE', ( #2038, #2298 ) ) ;
#13 = EDGE_CURVE ( 'NONE', #2475, #3084, #1217, .T. ) ;
#14 = LINE ( 'NONE', #1524, #87 ) ;
#15 = APPROVAL_DATE_TIME ( #52, #1402 ) ;
#16 = VECTOR ( 'NONE', #1886, 1000.000000000000000 ) ;
#17 = ORIENTED_EDGE ( 'NONE', *, *, #1213, .T. ) ;
#18 = EDGE_CURVE ( 'NONE', #312, #383, #1555, .T. ) ;
#19 = DIRECTION ( 'NONE',  ( -0.000000000000000000, -1.000000000000000000, -0.000000000000000000 ) ) ;
#20 = CARTESIAN_POINT ( 'NONE',  ( -38.92622830431944436, 1.500000000000000000, 40.26973118857388556 ) ) ;
#21 = ORIENTED_EDGE ( 'NONE', *, *, #2540, .F. ) ;
#22 = CARTESIAN_POINT ( 'NONE',  ( 0.000000000000000000, 1.500000000000000000, -40.75000000000000000 ) ) ;
#23 = DIRECTION ( 'NONE',  ( -0.000000000000000000, -1.000000000000000000, -0.000000000000000000 ) ) ;
#24 = ORIENTED_EDGE ( 'NONE', *, *, #13, .T. ) ;
#25 = DIRECTION ( 'NONE',  ( 0.7071067811865513475, 0.000000000000000000, 0.7071067811865436870 ) ) ;
#26 = LINE ( 'NONE', #2011, #1912 ) ;
#27 = ORIENTED_EDGE ( 'NONE', *, *, #1770, .T. ) ;
#28 = VERTEX_POINT ( 'NONE', #2092 ) ;
#29 = CARTESIAN_POINT ( 'NONE',  ( 0.000000000000000000, 1.500000000000000000, 0.000000000000000000 ) ) ;
#30 = EDGE_CURVE ( 'NONE', #935, #948, #1836, .T. ) ;
#31 = VECTOR ( 'NONE', #2660, 1000.000000000000000 ) ;
#32 = EDGE_CURVE ( 'NONE', #1769, #3171, #2064, .T. ) ;
#33 = ORIENTED_EDGE ( 'NONE', *, *, #2892, .F. ) ;
#34 = DIRECTION ( 'NONE',  ( 0.000000000000000000, 1.000000000000000000, 0.000000000000000000 ) ) ;
#35 = VECTOR ( 'NONE', #2348, 1000.000000000000000 ) ;
#36 = CARTESIAN_POINT ( 'NONE',  ( -34.78303989624454573, 0.000000000000000000, -33.43953701199016848 ) ) ;
#37 = EDGE_CURVE ( 'NONE', #487, #962, #2808, .T. ) ;
#38 = EDGE_LOOP ( 'NONE', ( #344, #2155, #1026, #2206 ) ) ;
#39 = AXIS2_PLACEMENT_3D ( 'NONE', #1438, #1388, #2422 ) ;
#40 = DIRECTION ( 'NONE',  ( -0.000000000000000000, -1.000000000000000000, -0.000000000000000000 ) ) ;
#41 = PLANE ( 'NONE',  #2122 ) ;
#42 = AXIS2_PLACEMENT_3D ( 'NONE', #3141, #2443, #1165 ) ;
#43 = AXIS2_PLACEMENT_3D ( 'NONE', #155, #416, #2124 ) ;
#44 = ORIENTED_EDGE ( 'NONE', *, *, #796, .F. ) ;
#45 = LINE ( 'NONE', #10, #3139 ) ;
#46 = VECTOR ( 'NONE', #1859, 1000.000000000000000 ) ;
#47 = LINE ( 'NONE', #794, #2692 ) ;
#48 = AXIS2_PLACEMENT_3D ( 'NONE', #3081, #2073, #1587 ) ;
#49 = EDGE_CURVE ( 'NONE', #1856, #312, #1098, .T. ) ;
#50 = ORIENTED_EDGE ( 'NONE', *, *, #2444, .T. ) ;
#51 = DIRECTION ( 'NONE',  ( 0.000000000000000000, 1.000000000000000000, 0.000000000000000000 ) ) ;
#52 = DATE_AND_TIME ( #735, #1403 ) ;
#53 = ORIENTED_EDGE ( 'NONE', *, *, #1972, .F. ) ;
#54 = FACE_BOUND ( 'NONE', #1486, .T. ) ;
#55 = LINE ( 'NONE', #1541, #510 ) ;
#56 = ORIENTED_EDGE ( 'NONE', *, *, #2963, .T. ) ;
#57 = FACE_OUTER_BOUND ( 'NONE', #2865, .T. ) ;
#58 = EDGE_CURVE ( 'NONE', #807, #672, #3087, .T. ) ;
#59 = CARTESIAN_POINT ( 'NONE',  ( 34.50039662989178169, 0.000000000000000000, 35.84389951414540576 ) ) ;
#60 = ORIENTED_EDGE ( 'NONE', *, *, #428, .F. ) ;
#61 = CARTESIAN_POINT ( 'NONE',  ( 38.92622830431987069, 1.500000000000000000, 40.26973118857345924 ) ) ;
#62 = CARTESIAN_POINT ( 'NONE',  ( 40.26973118857387846, 1.500000000000000000, 38.92622830431944436 ) ) ;
#63 = ORIENTED_EDGE ( 'NONE', *, *, #1075, .F. ) ;
#64 = CARTESIAN_POINT ( 'NONE',  ( 51.99999999999998579, 1.500000000000000000, 51.99999999999998579 ) ) ;
#65 = CARTESIAN_POINT ( 'NONE',  ( 0.000000000000000000, 0.000000000000000000, 0.000000000000000000 ) ) ;
#66 = CARTESIAN_POINT ( 'NONE',  ( -35.84389951414580366, 0.000000000000000000, 34.50039662989135536 ) ) ;
#67 = DIRECTION ( 'NONE',  ( 0.000000000000000000, 1.000000000000000000, 0.000000000000000000 ) ) ;
#68 = ORIENTED_EDGE ( 'NONE', *, *, #30, .T. ) ;
#69 = CARTESIAN_POINT ( 'NONE',  ( -40.26973118857388556, 0.000000000000000000, 38.92622830431944436 ) ) ;
#70 = CARTESIAN_POINT ( 'NONE',  ( -33.43953701199052375, 0.000000000000000000, -34.78303989624420467 ) ) ;
#71 = EDGE_CURVE ( 'NONE', #583, #3131, #313, .T. ) ;
#72 = ORIENTED_EDGE ( 'NONE', *, *, #1002, .T. ) ;
#73 = DIRECTION ( 'NONE',  ( -0.000000000000000000, -1.000000000000000000, -0.000000000000000000 ) ) ;
#74 = EDGE_CURVE ( 'NONE', #2654, #417, #598, .T. ) ;
#75 = EDGE_LOOP ( 'NONE', ( #114, #1138, #2620, #961 ) ) ;
#76 = FACE_OUTER_BOUND ( 'NONE', #2757, .T. ) ;
#77 = DIRECTION ( 'NONE',  ( 0.000000000000000000, 0.000000000000000000, 1.000000000000000000 ) ) ;
#78 = DIRECTION ( 'NONE',  ( -0.000000000000000000, -1.000000000000000000, -0.000000000000000000 ) ) ;
#79 = DIRECTION ( 'NONE',  ( -0.000000000000000000, -1.000000000000000000, -0.000000000000000000 ) ) ;
#80 = CIRCLE ( 'NONE', #2156, 30.25000000000000000 ) ;
#81 = ORIENTED_EDGE ( 'NONE', *, *, #2760, .F. ) ;
#82 = DIRECTION ( 'NONE',  ( 0.000000000000000000, 1.000000000000000000, 0.000000000000000000 ) ) ;
#83 = PLANE ( 'NONE',  #2899 ) ;
#84 = CIRCLE ( 'NONE', #2996, 49.75000000000000711 ) ;
#85 = VERTEX_POINT ( 'NONE', #1595 ) ;
#86 = CARTESIAN_POINT ( 'NONE',  ( -28.41756193668657460, 1.500000000000000000, 27.07405905243212985 ) ) ;
#87 = VECTOR ( 'NONE', #2229, 1000.000000000000114 ) ;
#88 = ADVANCED_FACE ( 'NONE', ( #2581 ), #2541, .F. ) ;
#89 = AXIS2_PLACEMENT_3D ( 'NONE', #2875, #650, #405 ) ;
#90 = ORIENTED_EDGE ( 'NONE', *, *, #2444, .F. ) ;
#91 = VECTOR ( 'NONE', #1741, 1000.000000000000114 ) ;
#92 = DIRECTION ( 'NONE',  ( -0.000000000000000000, -1.000000000000000000, -0.000000000000000000 ) ) ;
#93 = EDGE_CURVE ( 'NONE', #3133, #2936, #1363, .T. ) ;
#94 = VECTOR ( 'NONE', #1025, 1000.000000000000000 ) ;
#95 = ORIENTED_EDGE ( 'NONE', *, *, #1987, .T. ) ;
#96 = ORIENTED_EDGE ( 'NONE', *, *, #832, .T. ) ;
#97 = AXIS2_PLACEMENT_3D ( 'NONE', #477, #1699, #179 ) ;
#98 = FACE_OUTER_BOUND ( 'NONE', #2078, .T. ) ;
#99 = PRODUCT_RELATED_PRODUCT_CATEGORY ( 'detail', '', ( #1622 ) ) ;
#100 = CARTESIAN_POINT ( 'NONE',  ( 51.99999999999998579, 1.500000000000000000, 51.99999999999998579 ) ) ;
#101 = EDGE_LOOP ( 'NONE', ( #1506, #2288, #3030, #2509 ) ) ;
#102 = CYLINDRICAL_SURFACE ( 'NONE', #1241, 30.25000000000000000 ) ;
#103 = CARTESIAN_POINT ( 'NONE',  ( -40.26973118857388556, 0.000000000000000000, -38.92622830431945147 ) ) ;
#104 = VERTEX_POINT ( 'NONE', #2723 ) ;
#105 = CYLINDRICAL_SURFACE ( 'NONE', #3046, 31.75000000000000000 ) ;
#106 = ORIENTED_EDGE ( 'NONE', *, *, #127, .T. ) ;
#107 = DIRECTION ( 'NONE',  ( 0.000000000000000000, 0.000000000000000000, -1.000000000000000000 ) ) ;
#108 = VERTEX_POINT ( 'NONE', #483 ) ;
#109 = EDGE_CURVE ( 'NONE', #497, #1420, #977, .T. ) ;
#110 = CARTESIAN_POINT ( 'NONE',  ( 0.000000000000000000, 1.500000000000000000, 0.000000000000000000 ) ) ;
#111 = DIRECTION ( 'NONE',  ( 0.000000000000000000, 0.000000000000000000, -1.000000000000000000 ) ) ;
#112 = DIRECTION ( 'NONE',  ( 0.7071067811865439090, 0.000000000000000000, -0.7071067811865512365 ) ) ;
#113 = EDGE_CURVE ( 'NONE', #2326, #2060, #2376, .T. ) ;
#114 = ORIENTED_EDGE ( 'NONE', *, *, #1372, .F. ) ;
#115 = CARTESIAN_POINT ( 'NONE',  ( 0.000000000000000000, 1.500000000000000000, 0.000000000000000000 ) ) ;
#116 = CARTESIAN_POINT ( 'NONE',  ( 23.11233966971154175, 1.500000000000000000, 21.76883678545728174 ) ) ;
#117 = FACE_BOUND ( 'NONE', #595, .T. ) ;
#118 = ORIENTED_EDGE ( 'NONE', *, *, #270, .T. ) ;
#119 = DIRECTION ( 'NONE',  ( 0.000000000000000000, 0.000000000000000000, 1.000000000000000000 ) ) ;
#120 = ORIENTED_EDGE ( 'NONE', *, *, #1158, .F. ) ;
#121 = ORIENTED_EDGE ( 'NONE', *, *, #2960, .T. ) ;
#122 = CARTESIAN_POINT ( 'NONE',  ( -51.99999999999998579, 1.500000000000000000, -50.24999999999999289 ) ) ;
#123 = ORIENTED_EDGE ( 'NONE', *, *, #1040, .T. ) ;
#124 = CARTESIAN_POINT ( 'NONE',  ( -22.05118080775810085, 0.000000000000000000, 20.70767792350365610 ) ) ;
#125 = DIRECTION ( 'NONE',  ( -0.7071067811865474617, 0.000000000000000000, 0.7071067811865474617 ) ) ;
#126 = DIRECTION ( 'NONE',  ( 0.000000000000000000, 0.000000000000000000, 1.000000000000000000 ) ) ;
#127 = EDGE_CURVE ( 'NONE', #1429, #3120, #882, .T. ) ;
#128 = VERTEX_POINT ( 'NONE', #157 ) ;
#129 = DIRECTION ( 'NONE',  ( -0.000000000000000000, -1.000000000000000000, -0.000000000000000000 ) ) ;
#130 = CARTESIAN_POINT ( 'NONE',  ( -34.78303989624458126, 1.500000000000000000, 33.43953701199013295 ) ) ;
#131 = PLANE ( 'NONE',  #48 ) ;
#132 = ADVANCED_FACE ( 'NONE', ( #2958, #3106, #1409, #3137, #710, #959 ), #2709, .T. ) ;
#133 = VERTEX_POINT ( 'NONE', #1503 ) ;
#134 = DIRECTION ( 'NONE',  ( 0.000000000000000000, 1.000000000000000000, 0.000000000000000000 ) ) ;
#135 = CIRCLE ( 'NONE', #3208, 22.00000000000000000 ) ;
#136 = EDGE_LOOP ( 'NONE', ( #2359, #377, #2665, #905 ) ) ;
#137 = DIRECTION ( 'NONE',  ( 0.000000000000000000, 1.000000000000000000, 0.000000000000000000 ) ) ;
#138 = AXIS2_PLACEMENT_3D ( 'NONE', #2604, #2823, #144 ) ;
#139 = AXIS2_PLACEMENT_3D ( 'NONE', #1231, #1985, #1507 ) ;
#140 = ORIENTED_EDGE ( 'NONE', *, *, #791, .F. ) ;
#141 = DIRECTION ( 'NONE',  ( 0.000000000000000000, -1.000000000000000000, 0.000000000000000000 ) ) ;
#142 = LINE ( 'NONE', #2873, #2428 ) ;
#143 = AXIS2_PLACEMENT_3D ( 'NONE', #1153, #2530, #2827 ) ;
#144 = DIRECTION ( 'NONE',  ( 0.000000000000000000, 0.000000000000000000, -1.000000000000000000 ) ) ;
#145 = VECTOR ( 'NONE', #1259, 1000.000000000000000 ) ;
#146 = ORIENTED_EDGE ( 'NONE', *, *, #1987, .F. ) ;
#147 = DIRECTION ( 'NONE',  ( 0.000000000000000000, 1.000000000000000000, 0.000000000000000000 ) ) ;
#148 = CARTESIAN_POINT ( 'NONE',  ( 0.000000000000000000, 1.500000000000000000, 0.000000000000000000 ) ) ;
#149 = DIRECTION ( 'NONE',  ( 0.000000000000000000, 0.000000000000000000, -1.000000000000000000 ) ) ;
#150 = ORIENTED_EDGE ( 'NONE', *, *, #209, .T. ) ;
#151 = ADVANCED_FACE ( 'NONE', ( #2223 ), #2972, .F. ) ;
#152 = CARTESIAN_POINT ( 'NONE',  ( 0.000000000000000000, 1.500000000000000000, 0.000000000000000000 ) ) ;
#153 = ORIENTED_EDGE ( 'NONE', *, *, #955, .F. ) ;
#154 = CC_DESIGN_DATE_AND_TIME_ASSIGNMENT ( #1792, #3029, ( #3217 ) ) ;
#155 = CARTESIAN_POINT ( 'NONE',  ( 0.000000000000000000, 0.000000000000000000, 0.000000000000000000 ) ) ;
#156 = EDGE_LOOP ( 'NONE', ( #44, #3185, #2629, #2867 ) ) ;
#157 = CARTESIAN_POINT ( 'NONE',  ( 28.13501859548758688, 1.500000000000000000, 29.47852147974128201 ) ) ;
#158 = DIRECTION ( 'NONE',  ( 0.7071067811865463515, 0.000000000000000000, -0.7071067811865487940 ) ) ;
#159 = VERTEX_POINT ( 'NONE', #1148 ) ;
#160 = EDGE_CURVE ( 'NONE', #2032, #3171, #170, .T. ) ;
#161 = CARTESIAN_POINT ( 'NONE',  ( -40.26973118857388556, 1.500000000000000000, -38.92622830431945147 ) ) ;
#162 = EDGE_LOOP ( 'NONE', ( #830, #1951, #435, #9 ) ) ;
#163 = CARTESIAN_POINT ( 'NONE',  ( 0.000000000000000000, 1.500000000000000000, 0.000000000000000000 ) ) ;
#164 = DIRECTION ( 'NONE',  ( 0.000000000000000000, 1.000000000000000000, 0.000000000000000000 ) ) ;
#165 = CARTESIAN_POINT ( 'NONE',  ( 0.000000000000000000, 1.500000000000000000, 0.000000000000000000 ) ) ;
#166 = ORIENTED_EDGE ( 'NONE', *, *, #2157, .T. ) ;
#167 = DIRECTION ( 'NONE',  ( 0.000000000000000000, 1.000000000000000000, 0.000000000000000000 ) ) ;
#168 = EDGE_CURVE ( 'NONE', #807, #1783, #1993, .T. ) ;
#169 = ORIENTED_EDGE ( 'NONE', *, *, #911, .F. ) ;
#170 = CIRCLE ( 'NONE', #1113, 39.25000000000000000 ) ;
#171 = CARTESIAN_POINT ( 'NONE',  ( -28.13501859548722450, 0.000000000000000000, 29.47852147974163017 ) ) ;
#172 = EDGE_CURVE ( 'NONE', #2228, #1123, #2126, .T. ) ;
#173 = ORIENTED_EDGE ( 'NONE', *, *, #1237, .T. ) ;
#174 = CYLINDRICAL_SURFACE ( 'NONE', #869, 1.749999999999987566 ) ;
#175 = DIRECTION ( 'NONE',  ( 0.000000000000000000, 1.000000000000000000, 0.000000000000000000 ) ) ;
#176 = ORIENTED_EDGE ( 'NONE', *, *, #676, .F. ) ;
#177 = DIRECTION ( 'NONE',  ( 0.000000000000000000, 0.000000000000000000, -1.000000000000000000 ) ) ;
#178 = DIRECTION ( 'NONE',  ( 0.7071067811865474617, 0.000000000000000000, -0.7071067811865474617 ) ) ;
#179 = DIRECTION ( 'NONE',  ( 0.000000000000000000, 0.000000000000000000, 1.000000000000000000 ) ) ;
#180 = ORIENTED_EDGE ( 'NONE', *, *, #1279, .F. ) ;
#181 = CYLINDRICAL_SURFACE ( 'NONE', #2421, 48.25000000000000000 ) ;
#182 = DIRECTION ( 'NONE',  ( 0.000000000000000000, 0.000000000000000000, 1.000000000000000000 ) ) ;
#183 = ORIENTED_EDGE ( 'NONE', *, *, #2877, .T. ) ;
#184 = EDGE_CURVE ( 'NONE', #2260, #463, #1067, .T. ) ;
#185 = CARTESIAN_POINT ( 'NONE',  ( -40.26973118857388556, 0.000000000000000000, -38.92622830431945147 ) ) ;
#186 = VECTOR ( 'NONE', #2751, 1000.000000000000114 ) ;
#187 = ORIENTED_EDGE ( 'NONE', *, *, #2483, .T. ) ;
#188 = AXIS2_PLACEMENT_3D ( 'NONE', #1112, #3107, #1570 ) ;
#189 = EDGE_CURVE ( 'NONE', #2860, #1968, #730, .T. ) ;
#190 = CARTESIAN_POINT ( 'NONE',  ( 38.92622830431945147, 0.000000000000000000, -40.26973118857389267 ) ) ;
#191 = AXIS2_PLACEMENT_3D ( 'NONE', #1527, #2522, #2508 ) ;
#192 = AXIS2_PLACEMENT_3D ( 'NONE', #2775, #367, #843 ) ;
#193 = DIRECTION ( 'NONE',  ( 0.000000000000000000, 1.000000000000000000, -0.000000000000000000 ) ) ;
#194 = VERTEX_POINT ( 'NONE', #124 ) ;
#195 = VECTOR ( 'NONE', #3114, 1000.000000000000000 ) ;
#196 = CC_DESIGN_PERSON_AND_ORGANIZATION_ASSIGNMENT ( #307, #488, ( #2793 ) ) ;
#197 = FACE_OUTER_BOUND ( 'NONE', #1980, .T. ) ;
#198 = LINE ( 'NONE', #212, #3056 ) ;
#199 = DIRECTION ( 'NONE',  ( -0.000000000000000000, -1.000000000000000000, -0.000000000000000000 ) ) ;
#200 = VECTOR ( 'NONE', #1450, 1000.000000000000000 ) ;
#201 = EDGE_LOOP ( 'NONE', ( #3082, #2356, #623, #2402 ) ) ;
#202 = DIRECTION ( 'NONE',  ( 0.000000000000000000, 0.000000000000000000, -1.000000000000000000 ) ) ;
#203 = AXIS2_PLACEMENT_3D ( 'NONE', #2915, #689, #2672 ) ;
#204 = LINE ( 'NONE', #3183, #617 ) ;
#205 = VERTEX_POINT ( 'NONE', #2465 ) ;
#206 = DIRECTION ( 'NONE',  ( 0.7071067811865436870, 0.000000000000000000, -0.7071067811865513475 ) ) ;
#207 = ORIENTED_EDGE ( 'NONE', *, *, #3153, .F. ) ;
#208 = LINE ( 'NONE', #2396, #818 ) ;
#209 = EDGE_CURVE ( 'NONE', #807, #2253, #1630, .T. ) ;
#210 = ORIENTED_EDGE ( 'NONE', *, *, #2831, .T. ) ;
#211 = DIRECTION ( 'NONE',  ( -0.7071067811865474617, 0.000000000000000000, -0.7071067811865474617 ) ) ;
#212 = CARTESIAN_POINT ( 'NONE',  ( 38.92622830431945147, 1.500000000000000000, -40.26973118857389267 ) ) ;
#213 = LINE ( 'NONE', #1907, #2748 ) ;
#214 = VECTOR ( 'NONE', #2310, 1000.000000000000000 ) ;
#215 = EDGE_CURVE ( 'NONE', #1281, #2946, #2871, .T. ) ;
#216 = ORIENTED_EDGE ( 'NONE', *, *, #1058, .F. ) ;
#217 = DIRECTION ( 'NONE',  ( 0.000000000000000000, 0.000000000000000000, 1.000000000000000000 ) ) ;
#218 = CARTESIAN_POINT ( 'NONE',  ( -38.92622830431944436, 1.500000000000000000, 40.26973118857388556 ) ) ;
#219 = CIRCLE ( 'NONE', #1278, 39.25000000000000000 ) ;
#220 = ORIENTED_EDGE ( 'NONE', *, *, #998, .F. ) ;
#221 = DIRECTION ( 'NONE',  ( -0.7071067811865512365, 0.000000000000000000, -0.7071067811865439090 ) ) ;
#222 = DIRECTION ( 'NONE',  ( 0.7071067811865513475, 0.000000000000000000, 0.7071067811865436870 ) ) ;
#223 = EDGE_CURVE ( 'NONE', #205, #2702, #1127, .T. ) ;
#224 = VERTEX_POINT ( 'NONE', #996 ) ;
#225 = DIRECTION ( 'NONE',  ( -0.7071067811865512365, 0.000000000000000000, -0.7071067811865439090 ) ) ;
#226 = ORIENTED_EDGE ( 'NONE', *, *, #1609, .F. ) ;
#227 = PLANE ( 'NONE',  #1031 ) ;
#228 = ADVANCED_FACE ( 'NONE', ( #1473 ), #2631, .F. ) ;
#229 = DIRECTION ( 'NONE',  ( -0.000000000000000000, -1.000000000000000000, -0.000000000000000000 ) ) ;
#230 = ORIENTED_EDGE ( 'NONE', *, *, #1311, .F. ) ;
#231 = CARTESIAN_POINT ( 'NONE',  ( 0.000000000000000000, 1.500000000000000000, 0.000000000000000000 ) ) ;
#232 = EDGE_CURVE ( 'NONE', #682, #1261, #219, .T. ) ;
#233 = DIRECTION ( 'NONE',  ( 0.000000000000000000, 0.000000000000000000, 1.000000000000000000 ) ) ;
#234 = ORIENTED_EDGE ( 'NONE', *, *, #1867, .F. ) ;
#235 = CARTESIAN_POINT ( 'NONE',  ( -40.26973118857388556, 1.500000000000000000, -38.92622830431945147 ) ) ;
#236 = CARTESIAN_POINT ( 'NONE',  ( -21.76883678545752687, 1.500000000000000000, -23.11233966971130727 ) ) ;
#237 = AXIS2_PLACEMENT_3D ( 'NONE', #1910, #2200, #678 ) ;
#238 = ORIENTED_EDGE ( 'NONE', *, *, #2257, .F. ) ;
#239 = CIRCLE ( 'NONE', #2473, 39.25000000000000000 ) ;
#240 = CARTESIAN_POINT ( 'NONE',  ( -38.92622830431944436, 0.000000000000000000, 40.26973118857388556 ) ) ;
#241 = PERSON_AND_ORGANIZATION_ROLE ( 'design_supplier' ) ;
#242 = VECTOR ( 'NONE', #2683, 1000.000000000000114 ) ;
#243 = ORIENTED_EDGE ( 'NONE', *, *, #2575, .T. ) ;
#244 = CARTESIAN_POINT ( 'NONE',  ( -51.99999999999998579, 1.500000000000000000, 51.99999999999998579 ) ) ;
#245 = VECTOR ( 'NONE', #3058, 1000.000000000000114 ) ;
#246 = CARTESIAN_POINT ( 'NONE',  ( 34.50039662989178169, 1.500000000000000000, 35.84389951414540576 ) ) ;
#247 = CIRCLE ( 'NONE', #2637, 30.25000000000000000 ) ;
#248 = CIRCLE ( 'NONE', #2067, 49.75000000000000711 ) ;
#249 = VERTEX_POINT ( 'NONE', #2771 ) ;
#250 = DIRECTION ( 'NONE',  ( 0.000000000000000000, 0.000000000000000000, -1.000000000000000000 ) ) ;
#251 = DIRECTION ( 'NONE',  ( -0.000000000000000000, -1.000000000000000000, -0.000000000000000000 ) ) ;
#252 = ADVANCED_FACE ( 'NONE', ( #1275 ), #3052, .F. ) ;
#253 = ORIENTED_EDGE ( 'NONE', *, *, #370, .T. ) ;
#254 = AXIS2_PLACEMENT_3D ( 'NONE', #724, #1481, #1235 ) ;
#255 = CARTESIAN_POINT ( 'NONE',  ( 0.000000000000000000, 1.500000000000000000, -31.75000000000000000 ) ) ;
#256 = CARTESIAN_POINT ( 'NONE',  ( 0.000000000000000000, 0.000000000000000000, -58.00000000000000000 ) ) ;
#257 = EDGE_CURVE ( 'NONE', #962, #3105, #1566, .T. ) ;
#258 = ORIENTED_EDGE ( 'NONE', *, *, #579, .T. ) ;
#259 = DIRECTION ( 'NONE',  ( 0.000000000000000000, 1.000000000000000000, 0.000000000000000000 ) ) ;
#260 = PERSON_AND_ORGANIZATION ( #546, #348 ) ;
#261 = VERTEX_POINT ( 'NONE', #2484 ) ;
#262 = FACE_BOUND ( 'NONE', #2140, .T. ) ;
#263 = CYLINDRICAL_SURFACE ( 'NONE', #2999, 8.000000000000014211 ) ;
#264 = EDGE_LOOP ( 'NONE', ( #2953, #2113, #1441, #1680 ) ) ;
#265 = CARTESIAN_POINT ( 'NONE',  ( -14.87008725218464278, 0.000000000000000000, -16.21359013643849778 ) ) ;
#266 = CARTESIAN_POINT ( 'NONE',  ( 0.000000000000000000, 1.500000000000000000, 0.000000000000000000 ) ) ;
#267 = ORIENTED_EDGE ( 'NONE', *, *, #2520, .T. ) ;
#268 = LINE ( 'NONE', #1755, #978 ) ;
#269 = CARTESIAN_POINT ( 'NONE',  ( -51.99999999999998579, 0.000000000000000000, -50.24999999999999289 ) ) ;
#270 = EDGE_CURVE ( 'NONE', #845, #1399, #1775, .T. ) ;
#271 = ORIENTED_EDGE ( 'NONE', *, *, #2149, .F. ) ;
#272 = DIRECTION ( 'NONE',  ( -0.7071067811865512365, 0.000000000000000000, -0.7071067811865439090 ) ) ;
#273 = EDGE_CURVE ( 'NONE', #2260, #845, #542, .T. ) ;
#274 = ORIENTED_EDGE ( 'NONE', *, *, #1811, .T. ) ;
#275 = CARTESIAN_POINT ( 'NONE',  ( -52.00000000000000000, 0.000000000000000000, -60.00000000000000000 ) ) ;
#276 = DIRECTION ( 'NONE',  ( -0.000000000000000000, -1.000000000000000000, -0.000000000000000000 ) ) ;
#277 = ORIENTED_EDGE ( 'NONE', *, *, #2287, .T. ) ;
#278 = DIRECTION ( 'NONE',  ( -0.000000000000000000, -1.000000000000000000, -0.000000000000000000 ) ) ;
#279 = CARTESIAN_POINT ( 'NONE',  ( 51.99999999999998579, 0.000000000000000000, -49.24999999999996447 ) ) ;
#280 = ADVANCED_FACE ( 'NONE', ( #2240 ), #2304, .F. ) ;
#281 = ORIENTED_EDGE ( 'NONE', *, *, #1946, .T. ) ;
#282 = DIRECTION ( 'NONE',  ( -0.7071067811865474617, 0.000000000000000000, 0.7071067811865474617 ) ) ;
#283 = CARTESIAN_POINT ( 'NONE',  ( 0.000000000000000000, 1.500000000000000000, 0.000000000000000000 ) ) ;
#284 = ORIENTED_EDGE ( 'NONE', *, *, #1357, .F. ) ;
#285 = EDGE_CURVE ( 'NONE', #3095, #742, #45, .T. ) ;
#286 = DIRECTION ( 'NONE',  ( 0.7071067811865463515, 0.000000000000000000, -0.7071067811865487940 ) ) ;
#287 = PERSON_AND_ORGANIZATION ( #546, #348 ) ;
#288 = CIRCLE ( 'NONE', #2728, 49.75000000000000711 ) ;
#289 = EDGE_CURVE ( 'NONE', #787, #2987, #268, .T. ) ;
#290 = ORIENTED_EDGE ( 'NONE', *, *, #2419, .T. ) ;
#291 = LINE ( 'NONE', #275, #1704 ) ;
#292 = AXIS2_PLACEMENT_3D ( 'NONE', #1059, #2969, #1272 ) ;
#293 = CARTESIAN_POINT ( 'NONE',  ( 51.99999999999998579, 1.500000000000000000, -49.24999999999996447 ) ) ;
#294 = CC_DESIGN_PERSON_AND_ORGANIZATION_ASSIGNMENT ( #523, #1552, ( #1120 ) ) ;
#295 = ORIENTED_EDGE ( 'NONE', *, *, #814, .F. ) ;
#296 = CIRCLE ( 'NONE', #2789, 30.25000000000000000 ) ;
#297 = DIRECTION ( 'NONE',  ( 0.7071067811865463515, 0.000000000000000000, -0.7071067811865487940 ) ) ;
#298 = FACE_OUTER_BOUND ( 'NONE', #2410, .T. ) ;
#299 = VECTOR ( 'NONE', #2544, 1000.000000000000000 ) ;
#300 = ORIENTED_EDGE ( 'NONE', *, *, #330, .F. ) ;
#301 = DIRECTION ( 'NONE',  ( 0.000000000000000000, 1.000000000000000000, 0.000000000000000000 ) ) ;
#302 = VECTOR ( 'NONE', #1668, 1000.000000000000000 ) ;
#303 = CARTESIAN_POINT ( 'NONE',  ( -16.21359013643865055, 0.000000000000000000, -14.87008725218447580 ) ) ;
#304 = VECTOR ( 'NONE', #427, 1000.000000000000000 ) ;
#305 = ORIENTED_EDGE ( 'NONE', *, *, #2197, .F. ) ;
#306 = CARTESIAN_POINT ( 'NONE',  ( 0.000000000000000000, 0.000000000000000000, 0.000000000000000000 ) ) ;
#307 = PERSON_AND_ORGANIZATION ( #546, #348 ) ;
#308 = ORIENTED_EDGE ( 'NONE', *, *, #2531, .T. ) ;
#309 = CARTESIAN_POINT ( 'NONE',  ( 38.92622830431945147, 0.000000000000000000, -40.26973118857389267 ) ) ;
#310 = CARTESIAN_POINT ( 'NONE',  ( 28.13501859548719963, 0.000000000000000000, -29.47852147974164438 ) ) ;
#311 = ADVANCED_FACE ( 'NONE', ( #1013 ), #777, .F. ) ;
#312 = VERTEX_POINT ( 'NONE', #2529 ) ;
#313 = CIRCLE ( 'NONE', #1979, 22.00000000000000000 ) ;
#314 = CYLINDRICAL_SURFACE ( 'NONE', #1130, 30.25000000000000000 ) ;
#315 = LINE ( 'NONE', #1060, #567 ) ;
#316 = ADVANCED_FACE ( 'NONE', ( #1048 ), #2057, .F. ) ;
#317 = VERTEX_POINT ( 'NONE', #2805 ) ;
#318 = DIRECTION ( 'NONE',  ( 0.000000000000000000, 0.000000000000000000, 1.000000000000000000 ) ) ;
#319 = CLOSED_SHELL ( 'NONE', ( #555, #1455, #933, #1806, #2477, #2718, #132, #2935, #964, #1669, #1323, #1984, #1942, #2737, #2516, #2220, #1714, #1178, #1303, #1016 ) ) ;
#320 = ORIENTED_EDGE ( 'NONE', *, *, #2058, .T. ) ;
#321 = FACE_OUTER_BOUND ( 'NONE', #325, .T. ) ;
#322 = CARTESIAN_POINT ( 'NONE',  ( 0.000000000000000000, 0.000000000000000000, 0.000000000000000000 ) ) ;
#323 = DIRECTION ( 'NONE',  ( 0.000000000000000000, 1.000000000000000000, 0.000000000000000000 ) ) ;
#324 = DIRECTION ( 'NONE',  ( 0.7071067811865512365, -0.000000000000000000, 0.7071067811865439090 ) ) ;
#325 = EDGE_LOOP ( 'NONE', ( #173, #2968, #1502, #2595 ) ) ;
#326 = EDGE_CURVE ( 'NONE', #2449, #2337, #2682, .T. ) ;
#327 = LINE ( 'NONE', #1364, #2375 ) ;
#328 = CARTESIAN_POINT ( 'NONE',  ( -52.00000000000000000, 1.500000000000000000, -60.00000000000000000 ) ) ;
#329 = ORIENTED_EDGE ( 'NONE', *, *, #2136, .F. ) ;
#330 = EDGE_CURVE ( 'NONE', #2715, #684, #1239, .T. ) ;
#331 = DIRECTION ( 'NONE',  ( 0.7071067811865463515, 0.000000000000000000, -0.7071067811865487940 ) ) ;
#332 = ORIENTED_EDGE ( 'NONE', *, *, #1421, .T. ) ;
#333 = APPROVAL ( #2749, '未' ) ;
#334 = CARTESIAN_POINT ( 'NONE',  ( 0.000000000000000000, 1.500000000000000000, 0.000000000000000000 ) ) ;
#335 = DIRECTION ( 'NONE',  ( 0.000000000000000000, 1.000000000000000000, 0.000000000000000000 ) ) ;
#336 = CARTESIAN_POINT ( 'NONE',  ( 40.26973118857387846, 1.500000000000000000, 38.92622830431944436 ) ) ;
#337 = FACE_OUTER_BOUND ( 'NONE', #1317, .T. ) ;
#338 = AXIS2_PLACEMENT_3D ( 'NONE', #2338, #2850, #1880 ) ;
#339 = ORIENTED_EDGE ( 'NONE', *, *, #2404, .T. ) ;
#340 = LINE ( 'NONE', #2846, #2268 ) ;
#341 = CIRCLE ( 'NONE', #866, 8.000000000000014211 ) ;
#342 = FACE_OUTER_BOUND ( 'NONE', #1677, .T. ) ;
#343 = VECTOR ( 'NONE', #2020, 1000.000000000000114 ) ;
#344 = ORIENTED_EDGE ( 'NONE', *, *, #1075, .T. ) ;
#345 = CARTESIAN_POINT ( 'NONE',  ( 20.70767792350400427, 1.500000000000000000, 22.05118080775777756 ) ) ;
#346 = CIRCLE ( 'NONE', #2275, 31.75000000000000000 ) ;
#347 = EDGE_CURVE ( 'NONE', #1794, #2397, #581, .T. ) ;
#348 = ORGANIZATION ( '未', '未', '' ) ;
#349 = VERTEX_POINT ( 'NONE', #1520 ) ;
#350 = VECTOR ( 'NONE', #1064, 1000.000000000000114 ) ;
#351 = FACE_OUTER_BOUND ( 'NONE', #2452, .T. ) ;
#352 = AXIS2_PLACEMENT_3D ( 'NONE', #3168, #2707, #481 ) ;
#353 = EDGE_CURVE ( 'NONE', #3159, #2437, #1787, .T. ) ;
#354 = EDGE_LOOP ( 'NONE', ( #1230, #1742, #3221, #1933 ) ) ;
#355 = ORIENTED_EDGE ( 'NONE', *, *, #1319, .F. ) ;
#356 = CIRCLE ( 'NONE', #97, 1.749999999999987566 ) ;
#357 = DIRECTION ( 'NONE',  ( 0.000000000000000000, 1.000000000000000000, 0.000000000000000000 ) ) ;
#358 = CARTESIAN_POINT ( 'NONE',  ( -38.92622830431944436, 1.500000000000000000, 40.26973118857388556 ) ) ;
#359 = ORIENTED_EDGE ( 'NONE', *, *, #1019, .F. ) ;
#360 = CARTESIAN_POINT ( 'NONE',  ( 22.05118080775800848, 0.000000000000000000, 20.70767792350375913 ) ) ;
#361 = CARTESIAN_POINT ( 'NONE',  ( 16.21359013643869318, 1.500000000000000000, -14.87008725218443850 ) ) ;
#362 = DIRECTION ( 'NONE',  ( 0.000000000000000000, 0.000000000000000000, -1.000000000000000000 ) ) ;
#363 = ORIENTED_EDGE ( 'NONE', *, *, #49, .T. ) ;
#364 = LINE ( 'NONE', #378, #1801 ) ;
#365 = ORIENTED_EDGE ( 'NONE', *, *, #2977, .T. ) ;
#366 = EDGE_CURVE ( 'NONE', #1535, #2306, #1289, .T. ) ;
#367 = DIRECTION ( 'NONE',  ( -0.7071067811865487940, 0.000000000000000000, -0.7071067811865462405 ) ) ;
#368 = VERTEX_POINT ( 'NONE', #2270 ) ;
#369 = EDGE_LOOP ( 'NONE', ( #1020, #3055, #924, #1023 ) ) ;
#370 = EDGE_CURVE ( 'NONE', #2609, #1215, #2289, .T. ) ;
#371 = DIRECTION ( 'NONE',  ( -1.000000000000000000, 0.000000000000000000, -0.000000000000000000 ) ) ;
#372 = LINE ( 'NONE', #1375, #2112 ) ;
#373 = VERTEX_POINT ( 'NONE', #1063 ) ;
#374 = PLANE ( 'NONE',  #2732 ) ;
#375 = CARTESIAN_POINT ( 'NONE',  ( 60.00000000000000000, 0.000000000000000000, -52.00000000000000000 ) ) ;
#376 = CARTESIAN_POINT ( 'NONE',  ( 0.000000000000000000, 1.500000000000000000, 0.000000000000000000 ) ) ;
#377 = ORIENTED_EDGE ( 'NONE', *, *, #2619, .T. ) ;
#378 = CARTESIAN_POINT ( 'NONE',  ( -40.26973118857388556, 1.500000000000000000, -38.92622830431945147 ) ) ;
#379 = EDGE_CURVE ( 'NONE', #2597, #1573, #2550, .T. ) ;
#380 = VECTOR ( 'NONE', #221, 1000.000000000000000 ) ;
#381 = ORIENTED_EDGE ( 'NONE', *, *, #471, .F. ) ;
#382 = FACE_OUTER_BOUND ( 'NONE', #3187, .T. ) ;
#383 = VERTEX_POINT ( 'NONE', #1157 ) ;
#384 = CARTESIAN_POINT ( 'NONE',  ( 40.26973118857387846, 0.000000000000000000, 38.92622830431944436 ) ) ;
#385 = DIRECTION ( 'NONE',  ( -0.7071067811865512365, 0.000000000000000000, -0.7071067811865439090 ) ) ;
#386 = DIRECTION ( 'NONE',  ( 0.000000000000000000, 0.000000000000000000, 1.000000000000000000 ) ) ;
#387 = ADVANCED_FACE ( 'NONE', ( #1607 ), #2882, .T. ) ;
#388 = ORIENTED_EDGE ( 'NONE', *, *, #3175, .F. ) ;
#389 = LINE ( 'NONE', #1858, #1133 ) ;
#390 = DIRECTION ( 'NONE',  ( 0.000000000000000000, 0.000000000000000000, 1.000000000000000000 ) ) ;
#391 = AXIS2_PLACEMENT_3D ( 'NONE', #1820, #1532, #1074 ) ;
#392 = CARTESIAN_POINT ( 'NONE',  ( 38.92622830431987069, 1.500000000000000000, 40.26973118857345924 ) ) ;
#393 = CC_DESIGN_PERSON_AND_ORGANIZATION_ASSIGNMENT ( #287, #241, ( #2793 ) ) ;
#394 = ORIENTED_EDGE ( 'NONE', *, *, #223, .F. ) ;
#395 = VECTOR ( 'NONE', #900, 1000.000000000000000 ) ;
#396 = FACE_OUTER_BOUND ( 'NONE', #3181, .T. ) ;
#397 = VECTOR ( 'NONE', #785, 1000.000000000000000 ) ;
#398 = ORIENTED_EDGE ( 'NONE', *, *, #1897, .T. ) ;
#399 = CARTESIAN_POINT ( 'NONE',  ( 23.11233966971152398, 1.500000000000000000, -21.76883678545729595 ) ) ;
#400 = AXIS2_PLACEMENT_3D ( 'NONE', #1617, #1328, #1150 ) ;
#401 = VERTEX_POINT ( 'NONE', #2088 ) ;
#402 = CARTESIAN_POINT ( 'NONE',  ( 0.000000000000000000, 1.500000000000000000, 0.000000000000000000 ) ) ;
#403 = FACE_BOUND ( 'NONE', #2626, .T. ) ;
#404 = AXIS2_PLACEMENT_3D ( 'NONE', #1395, #2607, #2383 ) ;
#405 = DIRECTION ( 'NONE',  ( 1.000000000000000000, 0.000000000000000000, 0.000000000000000000 ) ) ;
#406 = AXIS2_PLACEMENT_3D ( 'NONE', #266, #1799, #2252 ) ;
#407 = ORIENTED_EDGE ( 'NONE', *, *, #1647, .T. ) ;
#408 = LINE ( 'NONE', #2398, #1501 ) ;
#409 = DIRECTION ( 'NONE',  ( -0.7071067811865474617, 0.000000000000000000, 0.7071067811865474617 ) ) ;
#410 = EDGE_CURVE ( 'NONE', #205, #2392, #364, .T. ) ;
#411 = CYLINDRICAL_SURFACE ( 'NONE', #2797, 40.75000000000000000 ) ;
#412 = ORIENTED_EDGE ( 'NONE', *, *, #1332, .T. ) ;
#413 = CARTESIAN_POINT ( 'NONE',  ( 0.000000000000000000, 0.000000000000000000, 0.000000000000000000 ) ) ;
#414 = ADVANCED_FACE ( 'NONE', ( #2594 ), #105, .T. ) ;
#415 = ORIENTED_EDGE ( 'NONE', *, *, #733, .F. ) ;
#416 = DIRECTION ( 'NONE',  ( 0.000000000000000000, 1.000000000000000000, 0.000000000000000000 ) ) ;
#417 = VERTEX_POINT ( 'NONE', #2354 ) ;
#418 = CARTESIAN_POINT ( 'NONE',  ( 34.50039662989135536, 0.000000000000000000, -35.84389951414580366 ) ) ;
#419 =( NAMED_UNIT ( * ) PLANE_ANGLE_UNIT ( ) SI_UNIT ( $, .RADIAN. ) );
#420 = ORIENTED_EDGE ( 'NONE', *, *, #1421, .F. ) ;
#421 = CARTESIAN_POINT ( 'NONE',  ( 29.47852147974153425, 1.500000000000000000, -28.13501859548732398 ) ) ;
#422 = DIRECTION ( 'NONE',  ( 0.000000000000000000, 0.000000000000000000, -1.000000000000000000 ) ) ;
#423 = DIRECTION ( 'NONE',  ( 0.000000000000000000, 1.000000000000000000, 0.000000000000000000 ) ) ;
#424 = EDGE_CURVE ( 'NONE', #3105, #1005, #972, .T. ) ;
#425 = ORIENTED_EDGE ( 'NONE', *, *, #2877, .F. ) ;
#426 = DIRECTION ( 'NONE',  ( -0.000000000000000000, -1.000000000000000000, -0.000000000000000000 ) ) ;
#427 = DIRECTION ( 'NONE',  ( -0.000000000000000000, -1.000000000000000000, -0.000000000000000000 ) ) ;
#428 = EDGE_CURVE ( 'NONE', #1928, #373, #1845, .T. ) ;
#429 = ORIENTED_EDGE ( 'NONE', *, *, #3220, .F. ) ;
#430 = DIRECTION ( 'NONE',  ( 0.000000000000000000, 1.000000000000000000, 0.000000000000000000 ) ) ;
#431 = ORIENTED_EDGE ( 'NONE', *, *, #2441, .F. ) ;
#432 = VECTOR ( 'NONE', #25, 1000.000000000000000 ) ;
#433 = ORIENTED_EDGE ( 'NONE', *, *, #270, .F. ) ;
#434 = CYLINDRICAL_SURFACE ( 'NONE', #1398, 30.25000000000000000 ) ;
#435 = ORIENTED_EDGE ( 'NONE', *, *, #2815, .T. ) ;
#436 = CARTESIAN_POINT ( 'NONE',  ( -21.76883678545721423, 1.500000000000000000, 23.11233966971160214 ) ) ;
#437 = ORIENTED_EDGE ( 'NONE', *, *, #172, .F. ) ;
#438 = DIRECTION ( 'NONE',  ( 0.000000000000000000, 1.000000000000000000, 0.000000000000000000 ) ) ;
#439 = PLANE ( 'NONE',  #1251 ) ;
#440 = DIRECTION ( 'NONE',  ( 0.000000000000000000, -1.000000000000000000, 0.000000000000000000 ) ) ;
#441 = ORIENTED_EDGE ( 'NONE', *, *, #3200, .F. ) ;
#442 = DIRECTION ( 'NONE',  ( 0.000000000000000000, 0.000000000000000000, 1.000000000000000000 ) ) ;
#443 = FACE_OUTER_BOUND ( 'NONE', #1569, .T. ) ;
#444 = VECTOR ( 'NONE', #1497, 1000.000000000000000 ) ;
#445 = VERTEX_POINT ( 'NONE', #3083 ) ;
#446 = LINE ( 'NONE', #681, #2952 ) ;
#447 = ORIENTED_EDGE ( 'NONE', *, *, #2855, .T. ) ;
#448 = CIRCLE ( 'NONE', #2833, 22.00000000000000000 ) ;
#449 = EDGE_CURVE ( 'NONE', #1472, #627, #3096, .T. ) ;
#450 = ORIENTED_EDGE ( 'NONE', *, *, #998, .T. ) ;
#451 = AXIS2_PLACEMENT_3D ( 'NONE', #2798, #1327, #1315 ) ;
#452 = CARTESIAN_POINT ( 'NONE',  ( 51.99999999999998579, 1.500000000000000000, 54.75000000000000000 ) ) ;
#453 = CIRCLE ( 'NONE', #1810, 8.000000000000014211 ) ;
#454 = ADVANCED_FACE ( 'NONE', ( #628 ), #1864, .F. ) ;
#455 = AXIS2_PLACEMENT_3D ( 'NONE', #1422, #944, #2627 ) ;
#456 = APPROVAL_PERSON_ORGANIZATION ( #1295, #1402, #986 ) ;
#457 = ORIENTED_EDGE ( 'NONE', *, *, #2419, .F. ) ;
#458 = AXIS2_PLACEMENT_3D ( 'NONE', #2501, #2696, #1996 ) ;
#459 = FACE_OUTER_BOUND ( 'NONE', #3086, .T. ) ;
#460 = CARTESIAN_POINT ( 'NONE',  ( 51.99999999999998579, 1.500000000000000000, -51.99999999999998579 ) ) ;
#461 = FACE_OUTER_BOUND ( 'NONE', #1143, .T. ) ;
#462 = AXIS2_PLACEMENT_3D ( 'NONE', #1530, #1818, #2803 ) ;
#463 = VERTEX_POINT ( 'NONE', #2389 ) ;
#464 = DIRECTION ( 'NONE',  ( 0.000000000000000000, 1.000000000000000000, 0.000000000000000000 ) ) ;
#465 = DIRECTION ( 'NONE',  ( -0.7071067811865474617, 0.000000000000000000, -0.7071067811865474617 ) ) ;
#466 = EDGE_CURVE ( 'NONE', #1937, #627, #906, .T. ) ;
#467 = ORIENTED_EDGE ( 'NONE', *, *, #109, .T. ) ;
#468 = DIRECTION ( 'NONE',  ( 0.000000000000000000, 0.000000000000000000, 1.000000000000000000 ) ) ;
#469 = CARTESIAN_POINT ( 'NONE',  ( 34.78303989624455284, 1.500000000000000000, 33.43953701199016137 ) ) ;
#470 = ORIENTED_EDGE ( 'NONE', *, *, #1332, .F. ) ;
#471 = EDGE_CURVE ( 'NONE', #2012, #2239, #862, .T. ) ;
#472 = CARTESIAN_POINT ( 'NONE',  ( -23.11233966971153819, 1.500000000000000000, -21.76883678545728529 ) ) ;
#473 = CARTESIAN_POINT ( 'NONE',  ( -52.00000000000000000, 1.500000000000000000, -60.00000000000000000 ) ) ;
#474 = EDGE_CURVE ( 'NONE', #1659, #1945, #2370, .T. ) ;
#475 = ORIENTED_EDGE ( 'NONE', *, *, #1631, .T. ) ;
#476 = CARTESIAN_POINT ( 'NONE',  ( 38.92622830431945147, 1.500000000000000000, -40.26973118857389267 ) ) ;
#477 = CARTESIAN_POINT ( 'NONE',  ( -51.99999999999998579, 1.500000000000000000, 51.99999999999998579 ) ) ;
#478 = EDGE_CURVE ( 'NONE', #2239, #261, #2318, .T. ) ;
#479 = ORIENTED_EDGE ( 'NONE', *, *, #1752, .F. ) ;
#480 = LINE ( 'NONE', #1672, #500 ) ;
#481 = DIRECTION ( 'NONE',  ( 0.000000000000000000, 0.000000000000000000, -1.000000000000000000 ) ) ;
#482 = ORIENTED_EDGE ( 'NONE', *, *, #2046, .F. ) ;
#483 = CARTESIAN_POINT ( 'NONE',  ( -51.99999999999998579, 0.000000000000000000, 53.74999999999997158 ) ) ;
#484 = CARTESIAN_POINT ( 'NONE',  ( 51.99999999999998579, 1.500000000000000000, 51.99999999999998579 ) ) ;
#485 = ORIENTED_EDGE ( 'NONE', *, *, #168, .T. ) ;
#486 = LINE ( 'NONE', #983, #3053 ) ;
#487 = VERTEX_POINT ( 'NONE', #2832 ) ;
#488 = PERSON_AND_ORGANIZATION_ROLE ( 'creator' ) ;
#489 = ORIENTED_EDGE ( 'NONE', *, *, #551, .F. ) ;
#490 = FACE_BOUND ( 'NONE', #1565, .T. ) ;
#491 = CARTESIAN_POINT ( 'NONE',  ( 35.84389951414566866, 1.500000000000000000, -34.50039662989148326 ) ) ;
#492 = ADVANCED_FACE ( 'NONE', ( #1382 ), #610, .F. ) ;
#493 = EDGE_LOOP ( 'NONE', ( #150, #1333, #1986, #1437 ) ) ;
#494 = LINE ( 'NONE', #788, #444 ) ;
#495 = CARTESIAN_POINT ( 'NONE',  ( 7.102951435054648059E-15, 1.500000000000000000, 58.00000000000000000 ) ) ;
#496 = EDGE_CURVE ( 'NONE', #736, #512, #642, .T. ) ;
#497 = VERTEX_POINT ( 'NONE', #2625 ) ;
#498 = CARTESIAN_POINT ( 'NONE',  ( -28.13501859548757267, 1.500000000000000000, -29.47852147974128911 ) ) ;
#499 = CYLINDRICAL_SURFACE ( 'NONE', #1089, 8.000000000000014211 ) ;
#500 = VECTOR ( 'NONE', #2675, 1000.000000000000000 ) ;
#501 = EDGE_LOOP ( 'NONE', ( #433, #1321, #2464, #2193 ) ) ;
#502 = AXIS2_PLACEMENT_3D ( 'NONE', #163, #2878, #2161 ) ;
#503 = LINE ( 'NONE', #1490, #2634 ) ;
#504 = COORDINATED_UNIVERSAL_TIME_OFFSET ( 8, 0, .AHEAD. ) ;
#505 = AXIS2_PLACEMENT_3D ( 'NONE', #883, #2554, #371 ) ;
#506 = EDGE_LOOP ( 'NONE', ( #2829, #2645, #528, #645, #1764, #2978 ) ) ;
#507 = DIRECTION ( 'NONE',  ( 0.000000000000000000, 0.000000000000000000, 1.000000000000000000 ) ) ;
#508 = AXIS2_PLACEMENT_3D ( 'NONE', #1882, #1434, #1690 ) ;
#509 = CARTESIAN_POINT ( 'NONE',  ( -33.43953701199014716, 0.000000000000000000, 34.78303989624457415 ) ) ;
#510 = VECTOR ( 'NONE', #2494, 1000.000000000000000 ) ;
#511 = AXIS2_PLACEMENT_3D ( 'NONE', #1965, #2225, #979 ) ;
#512 = VERTEX_POINT ( 'NONE', #345 ) ;
#513 = ADVANCED_FACE ( 'NONE', ( #396 ), #1400, .F. ) ;
#514 = CARTESIAN_POINT ( 'NONE',  ( 23.11233966971152398, 0.000000000000000000, -21.76883678545729595 ) ) ;
#515 = VECTOR ( 'NONE', #2218, 1000.000000000000000 ) ;
#516 = DIRECTION ( 'NONE',  ( 0.7071067811865463515, 0.000000000000000000, -0.7071067811865487940 ) ) ;
#517 = ORIENTED_EDGE ( 'NONE', *, *, #2731, .F. ) ;
#518 = EDGE_CURVE ( 'NONE', #1659, #1061, #1548, .T. ) ;
#519 = CARTESIAN_POINT ( 'NONE',  ( -27.07405905243249933, 1.500000000000000000, -28.41756193668622643 ) ) ;
#520 = LINE ( 'NONE', #1521, #1509 ) ;
#521 = ORIENTED_EDGE ( 'NONE', *, *, #911, .T. ) ;
#522 = DIRECTION ( 'NONE',  ( 0.000000000000000000, 1.000000000000000000, 0.000000000000000000 ) ) ;
#523 = PERSON_AND_ORGANIZATION ( #546, #348 ) ;
#524 = EDGE_LOOP ( 'NONE', ( #300, #732 ) ) ;
#525 = DIRECTION ( 'NONE',  ( 0.000000000000000000, 1.000000000000000000, 0.000000000000000000 ) ) ;
#526 = EDGE_CURVE ( 'NONE', #2042, #3105, #2573, .T. ) ;
#527 = LINE ( 'NONE', #750, #1354 ) ;
#528 = ORIENTED_EDGE ( 'NONE', *, *, #189, .T. ) ;
#529 = CARTESIAN_POINT ( 'NONE',  ( -27.07405905243215472, 1.500000000000000000, 28.41756193668656039 ) ) ;
#530 = DIRECTION ( 'NONE',  ( -0.000000000000000000, -1.000000000000000000, -0.000000000000000000 ) ) ;
#531 = ADVANCED_FACE ( 'NONE', ( #3182 ), #1430, .T. ) ;
#532 = EDGE_LOOP ( 'NONE', ( #1804, #1549, #517, #2884 ) ) ;
#533 = CARTESIAN_POINT ( 'NONE',  ( 0.000000000000000000, 1.500000000000000000, 0.000000000000000000 ) ) ;
#534 = CARTESIAN_POINT ( 'NONE',  ( 0.000000000000000000, 1.500000000000000000, 0.000000000000000000 ) ) ;
#535 = EDGE_CURVE ( 'NONE', #826, #1126, #758, .T. ) ;
#536 = EDGE_LOOP ( 'NONE', ( #1719, #3142, #1773, #874, #1835, #277 ) ) ;
#537 = PLANE ( 'NONE',  #2579 ) ;
#538 = APPLICATION_PROTOCOL_DEFINITION ( 'international standard', 'config_control_design', 1994, #2281 ) ;
#539 = ORIENTED_EDGE ( 'NONE', *, *, #712, .T. ) ;
#540 = CARTESIAN_POINT ( 'NONE',  ( 0.000000000000000000, 1.500000000000000000, 0.000000000000000000 ) ) ;
#541 = DIRECTION ( 'NONE',  ( 0.000000000000000000, 0.000000000000000000, 1.000000000000000000 ) ) ;
#542 = CIRCLE ( 'NONE', #3190, 31.75000000000000000 ) ;
#543 = EDGE_LOOP ( 'NONE', ( #2787, #441, #792, #1909 ) ) ;
#544 = CARTESIAN_POINT ( 'NONE',  ( 7.102951435054648059E-15, 1.500000000000000000, 58.00000000000000000 ) ) ;
#545 = CYLINDRICAL_SURFACE ( 'NONE', #725, 22.00000000000000000 ) ;
#546 = PERSON ( '未', '未', '未', ('未'), ('未'), ('未') ) ;
#547 = VERTEX_POINT ( 'NONE', #2646 ) ;
#548 = DIRECTION ( 'NONE',  ( 0.000000000000000000, 1.000000000000000000, 0.000000000000000000 ) ) ;
#549 = CARTESIAN_POINT ( 'NONE',  ( 34.78303989624453862, 1.500000000000000000, 33.43953701199016137 ) ) ;
#550 = VERTEX_POINT ( 'NONE', #993 ) ;
#551 = EDGE_CURVE ( 'NONE', #2956, #1839, #727, .T. ) ;
#552 = CARTESIAN_POINT ( 'NONE',  ( 0.000000000000000000, 1.500000000000000000, 0.000000000000000000 ) ) ;
#553 = VECTOR ( 'NONE', #3197, 1000.000000000000000 ) ;
#554 = DIRECTION ( 'NONE',  ( 0.000000000000000000, 1.000000000000000000, 0.000000000000000000 ) ) ;
#555 = ADVANCED_FACE ( 'NONE', ( #1210 ), #1929, .F. ) ;
#556 = DIRECTION ( 'NONE',  ( 0.000000000000000000, 1.000000000000000000, 0.000000000000000000 ) ) ;
#557 = VECTOR ( 'NONE', #1991, 1000.000000000000000 ) ;
#558 = LINE ( 'NONE', #2733, #3213 ) ;
#559 = ORIENTED_EDGE ( 'NONE', *, *, #1789, .F. ) ;
#560 = CARTESIAN_POINT ( 'NONE',  ( 35.84389951414577524, 1.500000000000000000, 34.50039662989138378 ) ) ;
#561 = CARTESIAN_POINT ( 'NONE',  ( 51.99999999999998579, 1.500000000000000000, 49.24999999999996447 ) ) ;
#562 = AXIS2_PLACEMENT_3D ( 'NONE', #100, #835, #126 ) ;
#563 = CIRCLE ( 'NONE', #1454, 40.75000000000000000 ) ;
#564 = EDGE_LOOP ( 'NONE', ( #2313, #2264, #2087, #2534 ) ) ;
#565 = DIRECTION ( 'NONE',  ( 0.7071067811865512365, 0.000000000000000000, 0.7071067811865439090 ) ) ;
#566 = CIRCLE ( 'NONE', #988, 2.750000000000016431 ) ;
#567 = VECTOR ( 'NONE', #1575, 1000.000000000000000 ) ;
#568 = ORIENTED_EDGE ( 'NONE', *, *, #3022, .T. ) ;
#569 = DIRECTION ( 'NONE',  ( 0.000000000000000000, 0.000000000000000000, -1.000000000000000000 ) ) ;
#570 = EDGE_CURVE ( 'NONE', #1937, #958, #954, .T. ) ;
#571 = VERTEX_POINT ( 'NONE', #1418 ) ;
#572 = DIRECTION ( 'NONE',  ( -0.000000000000000000, -0.000000000000000000, 1.000000000000000000 ) ) ;
#573 = LINE ( 'NONE', #587, #2893 ) ;
#574 = EDGE_CURVE ( 'NONE', #2923, #1839, #480, .T. ) ;
#575 = EDGE_LOOP ( 'NONE', ( #2070, #3169, #470, #2316 ) ) ;
#576 = CARTESIAN_POINT ( 'NONE',  ( -14.87008725218438165, 0.000000000000000000, 16.21359013643874647 ) ) ;
#577 = UNCERTAINTY_MEASURE_WITH_UNIT (LENGTH_MEASURE( 1.000000000000000082E-05 ), #1694, 'distance_accuracy_value', 'NONE');
#578 = DIRECTION ( 'NONE',  ( 0.000000000000000000, 1.000000000000000000, 0.000000000000000000 ) ) ;
#579 = EDGE_CURVE ( 'NONE', #2228, #445, #80, .T. ) ;
#580 = ORIENTED_EDGE ( 'NONE', *, *, #74, .F. ) ;
#581 = LINE ( 'NONE', #519, #1698 ) ;
#582 = VERTEX_POINT ( 'NONE', #1238 ) ;
#583 = VERTEX_POINT ( 'NONE', #2186 ) ;
#584 = CARTESIAN_POINT ( 'NONE',  ( -51.99999999999998579, 0.000000000000000000, 51.99999999999998579 ) ) ;
#585 = ORIENTED_EDGE ( 'NONE', *, *, #2004, .T. ) ;
#586 = CARTESIAN_POINT ( 'NONE',  ( 0.000000000000000000, 0.000000000000000000, 0.000000000000000000 ) ) ;
#587 = CARTESIAN_POINT ( 'NONE',  ( -34.50039662989176037, 1.500000000000000000, -35.84389951414541287 ) ) ;
#588 = ORIENTED_EDGE ( 'NONE', *, *, #1874, .F. ) ;
#589 = DIRECTION ( 'NONE',  ( 0.000000000000000000, 1.000000000000000000, 0.000000000000000000 ) ) ;
#590 = ADVANCED_FACE ( 'NONE', ( #1977 ), #2166, .F. ) ;
#591 = PLANE ( 'NONE',  #1462 ) ;
#592 = ORIENTED_EDGE ( 'NONE', *, *, #113, .F. ) ;
#593 = DIRECTION ( 'NONE',  ( 0.000000000000000000, 1.000000000000000000, 0.000000000000000000 ) ) ;
#594 = EDGE_CURVE ( 'NONE', #713, #3131, #1656, .T. ) ;
#595 = EDGE_LOOP ( 'NONE', ( #987, #415 ) ) ;
#596 = DIRECTION ( 'NONE',  ( 0.000000000000000000, 0.000000000000000000, -1.000000000000000000 ) ) ;
#597 = ORIENTED_EDGE ( 'NONE', *, *, #2892, .T. ) ;
#598 = LINE ( 'NONE', #1373, #2652 ) ;
#599 = DIRECTION ( 'NONE',  ( 0.000000000000000000, 0.000000000000000000, 1.000000000000000000 ) ) ;
#600 = CARTESIAN_POINT ( 'NONE',  ( -52.00000000000000000, 1.500000000000000000, -60.00000000000000000 ) ) ;
#601 = CIRCLE ( 'NONE', #2317, 1.749999999999987566 ) ;
#602 = ORIENTED_EDGE ( 'NONE', *, *, #1518, .F. ) ;
#603 = DIRECTION ( 'NONE',  ( 0.000000000000000000, 0.000000000000000000, 1.000000000000000000 ) ) ;
#604 = AXIS2_PLACEMENT_3D ( 'NONE', #1889, #438, #1952 ) ;
#605 = CARTESIAN_POINT ( 'NONE',  ( -29.47852147974164438, 0.000000000000000000, 28.13501859548719963 ) ) ;
#606 = DIRECTION ( 'NONE',  ( -0.000000000000000000, -1.000000000000000000, -0.000000000000000000 ) ) ;
#607 = CIRCLE ( 'NONE', #923, 22.00000000000000000 ) ;
#608 = EDGE_CURVE ( 'NONE', #108, #3120, #601, .T. ) ;
#609 = EDGE_LOOP ( 'NONE', ( #2669, #2407, #1496, #1896 ) ) ;
#610 = PLANE ( 'NONE',  #1078 ) ;
#611 = VECTOR ( 'NONE', #67, 1000.000000000000000 ) ;
#612 = AXIS2_PLACEMENT_3D ( 'NONE', #2439, #1384, #2679 ) ;
#613 = EDGE_CURVE ( 'NONE', #1732, #2455, #288, .T. ) ;
#614 = ORIENTED_EDGE ( 'NONE', *, *, #3184, .T. ) ;
#615 = VECTOR ( 'NONE', #887, 1000.000000000000000 ) ;
#616 = FACE_OUTER_BOUND ( 'NONE', #652, .T. ) ;
#617 = VECTOR ( 'NONE', #1944, 1000.000000000000000 ) ;
#618 = ORIENTED_EDGE ( 'NONE', *, *, #871, .F. ) ;
#619 = CARTESIAN_POINT ( 'NONE',  ( -38.92622830431944436, 1.500000000000000000, 40.26973118857388556 ) ) ;
#620 = CARTESIAN_POINT ( 'NONE',  ( 0.000000000000000000, 0.000000000000000000, -39.25000000000000000 ) ) ;
#621 = DIRECTION ( 'NONE',  ( -0.7071067811865513475, 0.000000000000000000, -0.7071067811865436870 ) ) ;
#622 = ADVANCED_FACE ( 'NONE', ( #705 ), #181, .F. ) ;
#623 = ORIENTED_EDGE ( 'NONE', *, *, #3018, .T. ) ;
#624 = CARTESIAN_POINT ( 'NONE',  ( -29.47852147974164438, 1.500000000000000000, 28.13501859548719963 ) ) ;
#625 = LINE ( 'NONE', #130, #195 ) ;
#626 = PLANE ( 'NONE',  #1351 ) ;
#627 = VERTEX_POINT ( 'NONE', #1943 ) ;
#628 = FACE_OUTER_BOUND ( 'NONE', #859, .T. ) ;
#629 = ORIENTED_EDGE ( 'NONE', *, *, #3040, .F. ) ;
#630 = CARTESIAN_POINT ( 'NONE',  ( 0.000000000000000000, 1.500000000000000000, 0.000000000000000000 ) ) ;
#631 = ADVANCED_FACE ( 'NONE', ( #1187 ), #2902, .T. ) ;
#632 = VECTOR ( 'NONE', #2035, 1000.000000000000000 ) ;
#633 = ORIENTED_EDGE ( 'NONE', *, *, #1099, .F. ) ;
#634 = DIRECTION ( 'NONE',  ( 0.000000000000000000, 1.000000000000000000, 0.000000000000000000 ) ) ;
#635 = CARTESIAN_POINT ( 'NONE',  ( 40.26973118857376477, 1.500000000000000000, -38.92622830431958647 ) ) ;
#636 = CARTESIAN_POINT ( 'NONE',  ( -52.00000000000000000, 1.500000000000000000, 60.00000000000000000 ) ) ;
#637 = VERTEX_POINT ( 'NONE', #3166 ) ;
#638 = CARTESIAN_POINT ( 'NONE',  ( -38.92622830431987069, 0.000000000000000000, -40.26973118857348766 ) ) ;
#639 = LINE ( 'NONE', #1603, #2435 ) ;
#640 = LINE ( 'NONE', #2570, #829 ) ;
#641 = ORIENTED_EDGE ( 'NONE', *, *, #1260, .T. ) ;
#642 = LINE ( 'NONE', #1639, #708 ) ;
#643 = ORIENTED_EDGE ( 'NONE', *, *, #3184, .F. ) ;
#644 = PLANE ( 'NONE',  #821 ) ;
#645 = ORIENTED_EDGE ( 'NONE', *, *, #2777, .F. ) ;
#646 = ORIENTED_EDGE ( 'NONE', *, *, #2340, .T. ) ;
#647 = EDGE_CURVE ( 'NONE', #656, #3191, #941, .T. ) ;
#648 = CARTESIAN_POINT ( 'NONE',  ( 40.26973118857387846, 1.500000000000000000, 38.92622830431944436 ) ) ;
#649 = FACE_BOUND ( 'NONE', #2690, .T. ) ;
#650 = DIRECTION ( 'NONE',  ( 0.000000000000000000, 0.000000000000000000, 1.000000000000000000 ) ) ;
#651 = ADVANCED_FACE ( 'NONE', ( #1957 ), #2462, .T. ) ;
#652 = EDGE_LOOP ( 'NONE', ( #1744, #2816, #1591, #359 ) ) ;
#653 = LINE ( 'NONE', #1152, #2319 ) ;
#654 = LINE ( 'NONE', #1841, #928 ) ;
#655 = CARTESIAN_POINT ( 'NONE',  ( -23.11233966971153819, 0.000000000000000000, -21.76883678545728529 ) ) ;
#656 = VERTEX_POINT ( 'NONE', #7 ) ;
#657 = CIRCLE ( 'NONE', #604, 48.25000000000000000 ) ;
#658 = DIRECTION ( 'NONE',  ( 0.000000000000000000, 0.000000000000000000, -1.000000000000000000 ) ) ;
#659 = CIRCLE ( 'NONE', #1854, 40.75000000000000000 ) ;
#660 = ORIENTED_EDGE ( 'NONE', *, *, #2391, .T. ) ;
#661 = EDGE_CURVE ( 'NONE', #2449, #2923, #2982, .T. ) ;
#662 = AXIS2_PLACEMENT_3D ( 'NONE', #2062, #92, #2358 ) ;
#663 = CARTESIAN_POINT ( 'NONE',  ( 28.13501859548757977, 1.500000000000000000, 29.47852147974127490 ) ) ;
#664 = CIRCLE ( 'NONE', #400, 31.75000000000000000 ) ;
#665 = CIRCLE ( 'NONE', #3059, 39.25000000000000000 ) ;
#666 = ORIENTED_EDGE ( 'NONE', *, *, #647, .F. ) ;
#667 = LOCAL_TIME ( 22, 4, 11.00000000000000000, #2469 ) ;
#668 = CARTESIAN_POINT ( 'NONE',  ( 40.26973118857387846, 1.500000000000000000, 38.92622830431944436 ) ) ;
#669 =( NAMED_UNIT ( * ) SI_UNIT ( $, .STERADIAN. ) SOLID_ANGLE_UNIT ( ) );
#670 = ADVANCED_FACE ( 'NONE', ( #1009 ), #314, .F. ) ;
#671 = AXIS2_PLACEMENT_3D ( 'NONE', #738, #199, #3212 ) ;
#672 = VERTEX_POINT ( 'NONE', #2285 ) ;
#673 = PLANE ( 'NONE',  #1293 ) ;
#674 = FACE_OUTER_BOUND ( 'NONE', #2624, .T. ) ;
#675 = LINE ( 'NONE', #2930, #1768 ) ;
#676 = EDGE_CURVE ( 'NONE', #940, #2746, #494, .T. ) ;
#677 = ORIENTED_EDGE ( 'NONE', *, *, #904, .F. ) ;
#678 = DIRECTION ( 'NONE',  ( 0.000000000000000000, 0.000000000000000000, -1.000000000000000000 ) ) ;
#679 = DIRECTION ( 'NONE',  ( -0.000000000000000000, -1.000000000000000000, -0.000000000000000000 ) ) ;
#680 = ORIENTED_EDGE ( 'NONE', *, *, #1966, .F. ) ;
#681 = CARTESIAN_POINT ( 'NONE',  ( -40.26973118857388556, 1.500000000000000000, 38.92622830431944436 ) ) ;
#682 = VERTEX_POINT ( 'NONE', #529 ) ;
#683 = DIRECTION ( 'NONE',  ( 0.000000000000000000, 0.000000000000000000, -1.000000000000000000 ) ) ;
#684 = VERTEX_POINT ( 'NONE', #544 ) ;
#685 = DIRECTION ( 'NONE',  ( 0.000000000000000000, 1.000000000000000000, 0.000000000000000000 ) ) ;
#686 = ORIENTED_EDGE ( 'NONE', *, *, #1390, .F. ) ;
#687 = LINE ( 'NONE', #1681, #1594 ) ;
#688 = CARTESIAN_POINT ( 'NONE',  ( -40.26973118857388556, 0.000000000000000000, -38.92622830431945147 ) ) ;
#689 = DIRECTION ( 'NONE',  ( 0.7071067811865475727, -0.000000000000000000, 0.7071067811865475727 ) ) ;
#690 = ORIENTED_EDGE ( 'NONE', *, *, #223, .T. ) ;
#691 = EDGE_CURVE ( 'NONE', #2881, #2609, #1306, .T. ) ;
#692 = CARTESIAN_POINT ( 'NONE',  ( 0.000000000000000000, 1.500000000000000000, 0.000000000000000000 ) ) ;
#693 = CARTESIAN_POINT ( 'NONE',  ( 35.84389951414577524, 1.500000000000000000, 34.50039662989138378 ) ) ;
#694 = ORIENTED_EDGE ( 'NONE', *, *, #796, .T. ) ;
#695 = ADVANCED_FACE ( 'NONE', ( #57 ), #1749, .T. ) ;
#696 = AXIS2_PLACEMENT_3D ( 'NONE', #2010, #1262, #565 ) ;
#697 = CARTESIAN_POINT ( 'NONE',  ( 29.47852147974159109, 1.500000000000000000, 28.13501859548726358 ) ) ;
#698 = VERTEX_POINT ( 'NONE', #514 ) ;
#699 = FACE_BOUND ( 'NONE', #506, .T. ) ;
#700 = ORIENTED_EDGE ( 'NONE', *, *, #184, .F. ) ;
#701 = CARTESIAN_POINT ( 'NONE',  ( -20.70767792350399006, 0.000000000000000000, -22.05118080775779532 ) ) ;
#702 = CYLINDRICAL_SURFACE ( 'NONE', #2118, 2.750000000000016431 ) ;
#703 = LINE ( 'NONE', #3163, #1610 ) ;
#704 = ORIENTED_EDGE ( 'NONE', *, *, #2872, .T. ) ;
#705 = FACE_OUTER_BOUND ( 'NONE', #1809, .T. ) ;
#706 = CARTESIAN_POINT ( 'NONE',  ( 0.000000000000000000, 1.500000000000000000, 0.000000000000000000 ) ) ;
#707 = EDGE_CURVE ( 'NONE', #1879, #1783, #2997, .T. ) ;
#708 = VECTOR ( 'NONE', #841, 1000.000000000000000 ) ;
#709 = ORIENTED_EDGE ( 'NONE', *, *, #257, .F. ) ;
#710 = FACE_BOUND ( 'NONE', #1416, .T. ) ;
#711 = CARTESIAN_POINT ( 'NONE',  ( -23.11233966971163412, 1.500000000000000000, 21.76883678545718936 ) ) ;
#712 = EDGE_CURVE ( 'NONE', #2437, #745, #2754, .T. ) ;
#713 = VERTEX_POINT ( 'NONE', #1798 ) ;
#714 = AXIS2_PLACEMENT_3D ( 'NONE', #2822, #2081, #599 ) ;
#715 = DIRECTION ( 'NONE',  ( -0.7071067811865462405, 0.000000000000000000, 0.7071067811865487940 ) ) ;
#716 = VECTOR ( 'NONE', #2144, 1000.000000000000000 ) ;
#717 = VECTOR ( 'NONE', #225, 1000.000000000000000 ) ;
#718 = CARTESIAN_POINT ( 'NONE',  ( 28.41756193668646446, 1.500000000000000000, -27.07405905243225419 ) ) ;
#719 = CC_DESIGN_APPROVAL ( #2800, ( #3217 ) ) ;
#720 = VERTEX_POINT ( 'NONE', #265 ) ;
#721 = VECTOR ( 'NONE', #757, 1000.000000000000000 ) ;
#722 = DIRECTION ( 'NONE',  ( 0.000000000000000000, 0.000000000000000000, 1.000000000000000000 ) ) ;
#723 = CARTESIAN_POINT ( 'NONE',  ( -40.26973118857388556, 1.500000000000000000, -38.92622830431945147 ) ) ;
#724 = CARTESIAN_POINT ( 'NONE',  ( 0.000000000000000000, 1.500000000000000000, 0.000000000000000000 ) ) ;
#725 = AXIS2_PLACEMENT_3D ( 'NONE', #2559, #530, #2286 ) ;
#726 = ORIENTED_EDGE ( 'NONE', *, *, #2307, .T. ) ;
#727 = LINE ( 'NONE', #1720, #2056 ) ;
#728 = CYLINDRICAL_SURFACE ( 'NONE', #1201, 39.25000000000000000 ) ;
#729 = ORIENTED_EDGE ( 'NONE', *, *, #733, .T. ) ;
#730 = LINE ( 'NONE', #648, #799 ) ;
#731 = DIRECTION ( 'NONE',  ( 0.000000000000000000, 1.000000000000000000, 0.000000000000000000 ) ) ;
#732 = ORIENTED_EDGE ( 'NONE', *, *, #2340, .F. ) ;
#733 = EDGE_CURVE ( 'NONE', #2916, #2461, #1186, .T. ) ;
#734 = DIRECTION ( 'NONE',  ( -0.7071067811865487940, 0.000000000000000000, -0.7071067811865462405 ) ) ;
#735 = CALENDAR_DATE ( 2026, 18, 9 ) ;
#736 = VERTEX_POINT ( 'NONE', #2251 ) ;
#737 = CARTESIAN_POINT ( 'NONE',  ( 0.000000000000000000, 1.500000000000000000, 0.000000000000000000 ) ) ;
#738 = CARTESIAN_POINT ( 'NONE',  ( 51.99999999999998579, 1.500000000000000000, -51.99999999999998579 ) ) ;
#739 = ORIENTED_EDGE ( 'NONE', *, *, #803, .F. ) ;
#740 = CARTESIAN_POINT ( 'NONE',  ( 0.000000000000000000, 1.500000000000000000, 0.000000000000000000 ) ) ;
#741 = DIRECTION ( 'NONE',  ( 0.000000000000000000, 0.000000000000000000, 1.000000000000000000 ) ) ;
#742 = VERTEX_POINT ( 'NONE', #1737 ) ;
#743 = DIRECTION ( 'NONE',  ( 0.000000000000000000, 0.000000000000000000, -1.000000000000000000 ) ) ;
#744 = DIRECTION ( 'NONE',  ( 0.000000000000000000, 0.000000000000000000, 1.000000000000000000 ) ) ;
#745 = VERTEX_POINT ( 'NONE', #69 ) ;
#746 = CARTESIAN_POINT ( 'NONE',  ( 0.000000000000000000, 0.000000000000000000, 0.000000000000000000 ) ) ;
#747 = EDGE_CURVE ( 'NONE', #1288, #1892, #805, .T. ) ;
#748 = ORIENTED_EDGE ( 'NONE', *, *, #878, .T. ) ;
#749 = DIRECTION ( 'NONE',  ( -1.000000000000000000, -0.000000000000000000, -0.000000000000000000 ) ) ;
#750 = CARTESIAN_POINT ( 'NONE',  ( 40.26973118857387846, 1.500000000000000000, 38.92622830431944436 ) ) ;
#751 = EDGE_CURVE ( 'NONE', #2253, #2766, #3035, .T. ) ;
#752 = ORIENTED_EDGE ( 'NONE', *, *, #2925, .T. ) ;
#753 = CARTESIAN_POINT ( 'NONE',  ( 0.000000000000000000, 1.500000000000000000, 0.000000000000000000 ) ) ;
#754 = DIRECTION ( 'NONE',  ( 1.000000000000000000, 0.000000000000000000, -0.000000000000000000 ) ) ;
#755 = ORIENTED_EDGE ( 'NONE', *, *, #955, .T. ) ;
#756 = DIRECTION ( 'NONE',  ( 0.000000000000000000, 0.000000000000000000, 1.000000000000000000 ) ) ;
#757 = DIRECTION ( 'NONE',  ( 0.7071067811865463515, 0.000000000000000000, -0.7071067811865487940 ) ) ;
#758 = CIRCLE ( 'NONE', #1644, 22.00000000000000000 ) ;
#759 = EDGE_CURVE ( 'NONE', #368, #3133, #1771, .T. ) ;
#760 = VERTEX_POINT ( 'NONE', #560 ) ;
#761 = AXIS2_PLACEMENT_3D ( 'NONE', #2928, #3128, #177 ) ;
#762 = DIRECTION ( 'NONE',  ( 0.000000000000000000, 0.000000000000000000, 1.000000000000000000 ) ) ;
#763 = CIRCLE ( 'NONE', #1805, 40.75000000000000000 ) ;
#764 = ORIENTED_EDGE ( 'NONE', *, *, #32, .T. ) ;
#765 = CARTESIAN_POINT ( 'NONE',  ( 23.11233966971154175, 0.000000000000000000, 21.76883678545728174 ) ) ;
#766 = AXIS2_PLACEMENT_3D ( 'NONE', #64, #2819, #596 ) ;
#767 = EDGE_CURVE ( 'NONE', #2612, #2005, #1562, .T. ) ;
#768 = CARTESIAN_POINT ( 'NONE',  ( 0.000000000000000000, 1.500000000000000000, 0.000000000000000000 ) ) ;
#769 = AXIS2_PLACEMENT_3D ( 'NONE', #3033, #2752, #1796 ) ;
#770 = AXIS2_PLACEMENT_3D ( 'NONE', #283, #2366, #390 ) ;
#771 = ORIENTED_EDGE ( 'NONE', *, *, #2063, .F. ) ;
#772 = DIRECTION ( 'NONE',  ( 0.000000000000000000, 1.000000000000000000, 0.000000000000000000 ) ) ;
#773 = ADVANCED_FACE ( 'NONE', ( #2547 ), #2300, .F. ) ;
#774 = AXIS2_PLACEMENT_3D ( 'NONE', #1687, #1738, #182 ) ;
#775 = FACE_OUTER_BOUND ( 'NONE', #156, .T. ) ;
#776 = ORIENTED_EDGE ( 'NONE', *, *, #2596, .T. ) ;
#777 = PLANE ( 'NONE',  #391 ) ;
#778 = CC_DESIGN_DATE_AND_TIME_ASSIGNMENT ( #1252, #2964, ( #1120 ) ) ;
#779 = FACE_OUTER_BOUND ( 'NONE', #201, .T. ) ;
#780 = EDGE_LOOP ( 'NONE', ( #580, #629, #2523, #290 ) ) ;
#781 = LINE ( 'NONE', #2244, #875 ) ;
#782 = ORIENTED_EDGE ( 'NONE', *, *, #2100, .F. ) ;
#783 = CALENDAR_DATE ( 2026, 18, 9 ) ;
#784 = ORIENTED_EDGE ( 'NONE', *, *, #2384, .T. ) ;
#785 = DIRECTION ( 'NONE',  ( -0.000000000000000000, -1.000000000000000000, -0.000000000000000000 ) ) ;
#786 = DIRECTION ( 'NONE',  ( 0.000000000000000000, 1.000000000000000000, 0.000000000000000000 ) ) ;
#787 = VERTEX_POINT ( 'NONE', #2510 ) ;
#788 = CARTESIAN_POINT ( 'NONE',  ( -29.47852147974158044, 1.500000000000000000, -28.13501859548726003 ) ) ;
#789 = AXIS2_PLACEMENT_3D ( 'NONE', #2327, #1824, #1080 ) ;
#790 = DIRECTION ( 'NONE',  ( 0.000000000000000000, 1.000000000000000000, 0.000000000000000000 ) ) ;
#791 = EDGE_CURVE ( 'NONE', #3165, #373, #1286, .T. ) ;
#792 = ORIENTED_EDGE ( 'NONE', *, *, #2227, .F. ) ;
#793 = DIRECTION ( 'NONE',  ( -0.000000000000000000, -1.000000000000000000, -0.000000000000000000 ) ) ;
#794 = CARTESIAN_POINT ( 'NONE',  ( 40.26973118857387846, 0.000000000000000000, 38.92622830431944436 ) ) ;
#795 = AXIS2_PLACEMENT_3D ( 'NONE', #402, #1981, #743 ) ;
#796 = EDGE_CURVE ( 'NONE', #128, #2337, #2025, .T. ) ;
#797 = VERTEX_POINT ( 'NONE', #1619 ) ;
#798 = DIRECTION ( 'NONE',  ( -0.000000000000000000, -1.000000000000000000, -0.000000000000000000 ) ) ;
#799 = VECTOR ( 'NONE', #1487, 1000.000000000000000 ) ;
#800 = ORIENTED_EDGE ( 'NONE', *, *, #1161, .T. ) ;
#801 = LINE ( 'NONE', #1988, #397 ) ;
#802 = CARTESIAN_POINT ( 'NONE',  ( 0.000000000000000000, 1.500000000000000000, -49.75000000000000711 ) ) ;
#803 = EDGE_CURVE ( 'NONE', #194, #1726, #340, .T. ) ;
#804 = ORIENTED_EDGE ( 'NONE', *, *, #474, .T. ) ;
#805 = LINE ( 'NONE', #22, #3150 ) ;
#806 = DIRECTION ( 'NONE',  ( 0.000000000000000000, 1.000000000000000000, -0.000000000000000000 ) ) ;
#807 = VERTEX_POINT ( 'NONE', #360 ) ;
#808 = DIRECTION ( 'NONE',  ( -0.000000000000000000, -1.000000000000000000, -0.000000000000000000 ) ) ;
#809 = DIRECTION ( 'NONE',  ( 0.000000000000000000, 1.000000000000000000, -0.000000000000000000 ) ) ;
#810 = EDGE_CURVE ( 'NONE', #224, #2306, #341, .T. ) ;
#811 = ORIENTED_EDGE ( 'NONE', *, *, #1390, .T. ) ;
#812 = CARTESIAN_POINT ( 'NONE',  ( -38.92622830431944436, 1.500000000000000000, 40.26973118857388556 ) ) ;
#813 = VECTOR ( 'NONE', #2029, 1000.000000000000114 ) ;
#814 = EDGE_CURVE ( 'NONE', #1190, #698, #2107, .T. ) ;
#815 = AXIS2_PLACEMENT_3D ( 'NONE', #2478, #2496, #1516 ) ;
#816 = CARTESIAN_POINT ( 'NONE',  ( 51.99999999999998579, 0.000000000000000000, -51.99999999999998579 ) ) ;
#817 = CARTESIAN_POINT ( 'NONE',  ( -34.78303989624454573, 1.500000000000000000, -33.43953701199016848 ) ) ;
#818 = VECTOR ( 'NONE', #3173, 1000.000000000000000 ) ;
#819 = CARTESIAN_POINT ( 'NONE',  ( 40.26973118857387846, 0.000000000000000000, 38.92622830431944436 ) ) ;
#820 = ORIENTED_EDGE ( 'NONE', *, *, #1019, .T. ) ;
#821 = AXIS2_PLACEMENT_3D ( 'NONE', #1193, #206, #1895 ) ;
#822 = DIRECTION ( 'NONE',  ( 0.000000000000000000, 0.000000000000000000, -1.000000000000000000 ) ) ;
#823 = CARTESIAN_POINT ( 'NONE',  ( 0.000000000000000000, 1.500000000000000000, 0.000000000000000000 ) ) ;
#824 = AXIS2_PLACEMENT_3D ( 'NONE', #358, #1361, #2585 ) ;
#825 = CIRCLE ( 'NONE', #1605, 49.75000000000000711 ) ;
#826 = VERTEX_POINT ( 'NONE', #576 ) ;
#827 = DIRECTION ( 'NONE',  ( -0.000000000000000000, -1.000000000000000000, -0.000000000000000000 ) ) ;
#828 = VECTOR ( 'NONE', #1488, 1000.000000000000000 ) ;
#829 = VECTOR ( 'NONE', #1637, 1000.000000000000000 ) ;
#830 = ORIENTED_EDGE ( 'NONE', *, *, #2083, .F. ) ;
#831 = DIRECTION ( 'NONE',  ( 0.000000000000000000, 1.000000000000000000, -0.000000000000000000 ) ) ;
#832 = EDGE_CURVE ( 'NONE', #417, #2236, #2813, .T. ) ;
#833 = ORIENTED_EDGE ( 'NONE', *, *, #215, .T. ) ;
#834 = DIRECTION ( 'NONE',  ( 0.000000000000000000, 0.000000000000000000, 1.000000000000000000 ) ) ;
#835 = DIRECTION ( 'NONE',  ( 0.000000000000000000, 1.000000000000000000, 0.000000000000000000 ) ) ;
#836 = ADVANCED_FACE ( 'NONE', ( #1840 ), #374, .F. ) ;
#837 = ORIENTED_EDGE ( 'NONE', *, *, #2030, .F. ) ;
#838 = CARTESIAN_POINT ( 'NONE',  ( 40.26973118857387846, 0.000000000000000000, 38.92622830431944436 ) ) ;
#839 = CYLINDRICAL_SURFACE ( 'NONE', #2332, 40.75000000000000000 ) ;
#840 = EDGE_LOOP ( 'NONE', ( #2790, #2074, #3117, #2512, #234, #1754 ) ) ;
#841 = DIRECTION ( 'NONE',  ( 0.7071067811865513475, 0.000000000000000000, 0.7071067811865436870 ) ) ;
#842 = ORIENTED_EDGE ( 'NONE', *, *, #2872, .F. ) ;
#843 = DIRECTION ( 'NONE',  ( -0.7071067811865462405, 0.000000000000000000, 0.7071067811865487940 ) ) ;
#844 = ORIENTED_EDGE ( 'NONE', *, *, #1576, .T. ) ;
#845 = VERTEX_POINT ( 'NONE', #2334 ) ;
#846 = CARTESIAN_POINT ( 'NONE',  ( -52.00000000000000000, 0.000000000000000000, 60.00000000000000000 ) ) ;
#847 = CARTESIAN_POINT ( 'NONE',  ( -51.99999999999998579, 0.000000000000000000, 50.24999999999999289 ) ) ;
#848 = EDGE_CURVE ( 'NONE', #550, #1084, #2628, .T. ) ;
#849 = VERTEX_POINT ( 'NONE', #2802 ) ;
#850 = CARTESIAN_POINT ( 'NONE',  ( -34.50039662989136247, 1.500000000000000000, 35.84389951414578945 ) ) ;
#851 = CYLINDRICAL_SURFACE ( 'NONE', #2745, 22.00000000000000000 ) ;
#852 = ADVANCED_FACE ( 'NONE', ( #2589 ), #1574, .T. ) ;
#853 = ORIENTED_EDGE ( 'NONE', *, *, #285, .T. ) ;
#854 = DIRECTION ( 'NONE',  ( -0.7071067811865439090, 0.000000000000000000, 0.7071067811865512365 ) ) ;
#855 = ORIENTED_EDGE ( 'NONE', *, *, #3180, .T. ) ;
#856 = PLANE ( 'NONE',  #192 ) ;
#857 = ADVANCED_FACE ( 'NONE', ( #1602 ), #102, .F. ) ;
#858 = ORIENTED_EDGE ( 'NONE', *, *, #848, .T. ) ;
#859 = EDGE_LOOP ( 'NONE', ( #3028, #1247, #226, #2605 ) ) ;
#860 = CARTESIAN_POINT ( 'NONE',  ( 51.99999999999998579, 1.500000000000000000, -51.99999999999998579 ) ) ;
#861 = PLANE ( 'NONE',  #2578 ) ;
#862 = CIRCLE ( 'NONE', #1898, 39.25000000000000000 ) ;
#863 = ORIENTED_EDGE ( 'NONE', *, *, #1609, .T. ) ;
#864 = EDGE_CURVE ( 'NONE', #487, #2042, #1132, .T. ) ;
#865 = DIRECTION ( 'NONE',  ( 0.7071067811865475727, -0.000000000000000000, 0.7071067811865475727 ) ) ;
#866 = AXIS2_PLACEMENT_3D ( 'NONE', #2621, #1876, #2826 ) ;
#867 = DIRECTION ( 'NONE',  ( -0.000000000000000000, -1.000000000000000000, -0.000000000000000000 ) ) ;
#868 = FACE_BOUND ( 'NONE', #524, .T. ) ;
#869 = AXIS2_PLACEMENT_3D ( 'NONE', #1920, #2909, #683 ) ;
#870 = ORIENTED_EDGE ( 'NONE', *, *, #2854, .T. ) ;
#871 = EDGE_CURVE ( 'NONE', #1215, #1700, #327, .T. ) ;
#872 = DIRECTION ( 'NONE',  ( 0.000000000000000000, 0.000000000000000000, -1.000000000000000000 ) ) ;
#873 = VECTOR ( 'NONE', #276, 1000.000000000000000 ) ;
#874 = ORIENTED_EDGE ( 'NONE', *, *, #3032, .F. ) ;
#875 = VECTOR ( 'NONE', #522, 1000.000000000000000 ) ;
#876 = ORIENTED_EDGE ( 'NONE', *, *, #1109, .T. ) ;
#877 = CIRCLE ( 'NONE', #404, 1.749999999999987566 ) ;
#878 = EDGE_CURVE ( 'NONE', #881, #2702, #2606, .T. ) ;
#879 = CARTESIAN_POINT ( 'NONE',  ( 0.000000000000000000, 1.500000000000000000, 0.000000000000000000 ) ) ;
#880 = AXIS2_PLACEMENT_3D ( 'NONE', #2623, #2315, #1346 ) ;
#881 = VERTEX_POINT ( 'NONE', #2314 ) ;
#882 = LINE ( 'NONE', #1228, #957 ) ;
#883 = CARTESIAN_POINT ( 'NONE',  ( 52.00000000000000000, 1.500000000000000000, 60.00000000000000000 ) ) ;
#884 = LINE ( 'NONE', #2799, #1453 ) ;
#885 = VERTEX_POINT ( 'NONE', #2071 ) ;
#886 = DIRECTION ( 'NONE',  ( 0.000000000000000000, 0.000000000000000000, -1.000000000000000000 ) ) ;
#887 = DIRECTION ( 'NONE',  ( 0.000000000000000000, 1.000000000000000000, 0.000000000000000000 ) ) ;
#888 = DIRECTION ( 'NONE',  ( -0.7071067811865487940, 0.000000000000000000, -0.7071067811865462405 ) ) ;
#889 = ORIENTED_EDGE ( 'NONE', *, *, #975, .T. ) ;
#890 = DIRECTION ( 'NONE',  ( 0.7071067811865463515, 0.000000000000000000, -0.7071067811865487940 ) ) ;
#891 = EDGE_CURVE ( 'NONE', #1472, #3060, #3066, .T. ) ;
#892 = VERTEX_POINT ( 'NONE', #624 ) ;
#893 = CARTESIAN_POINT ( 'NONE',  ( 34.50039662989177458, 1.500000000000000000, 35.84389951414539865 ) ) ;
#894 = ADVANCED_FACE ( 'NONE', ( #1829 ), #1103, .T. ) ;
#895 = ORIENTED_EDGE ( 'NONE', *, *, #2046, .T. ) ;
#896 = CARTESIAN_POINT ( 'NONE',  ( 0.000000000000000000, 0.000000000000000000, 0.000000000000000000 ) ) ;
#897 = DIRECTION ( 'NONE',  ( 0.000000000000000000, 1.000000000000000000, 0.000000000000000000 ) ) ;
#898 = CARTESIAN_POINT ( 'NONE',  ( -16.21359013643865410, 1.500000000000000000, -14.87008725218447935 ) ) ;
#899 = ORIENTED_EDGE ( 'NONE', *, *, #1417, .F. ) ;
#900 = DIRECTION ( 'NONE',  ( -0.000000000000000000, -1.000000000000000000, -0.000000000000000000 ) ) ;
#901 = DESIGN_CONTEXT ( 'detailed design', #2281, 'design' ) ;
#902 = LINE ( 'NONE', #1379, #615 ) ;
#903 = FACE_OUTER_BOUND ( 'NONE', #1863, .T. ) ;
#904 = EDGE_CURVE ( 'NONE', #1712, #1732, #3080, .T. ) ;
#905 = ORIENTED_EDGE ( 'NONE', *, *, #975, .F. ) ;
#906 = LINE ( 'NONE', #3097, #2942 ) ;
#907 = ORIENTED_EDGE ( 'NONE', *, *, #428, .T. ) ;
#908 = EDGE_CURVE ( 'NONE', #1903, #194, #389, .T. ) ;
#909 = DIRECTION ( 'NONE',  ( 0.7071067811865474617, 0.000000000000000000, -0.7071067811865474617 ) ) ;
#910 = ORIENTED_EDGE ( 'NONE', *, *, #2540, .T. ) ;
#911 = EDGE_CURVE ( 'NONE', #2971, #85, #1394, .T. ) ;
#912 = FACE_BOUND ( 'NONE', #2674, .T. ) ;
#913 = CARTESIAN_POINT ( 'NONE',  ( -51.99999999999998579, 1.500000000000000000, 51.99999999999998579 ) ) ;
#914 = ORIENTED_EDGE ( 'NONE', *, *, #2083, .T. ) ;
#915 = CARTESIAN_POINT ( 'NONE',  ( 0.000000000000000000, 1.500000000000000000, 0.000000000000000000 ) ) ;
#916 = CARTESIAN_POINT ( 'NONE',  ( 0.000000000000000000, 0.000000000000000000, 0.000000000000000000 ) ) ;
#917 = VECTOR ( 'NONE', #890, 1000.000000000000000 ) ;
#918 = DIRECTION ( 'NONE',  ( 0.000000000000000000, 1.000000000000000000, 0.000000000000000000 ) ) ;
#919 = ORIENTED_EDGE ( 'NONE', *, *, #1109, .F. ) ;
#920 = AXIS2_PLACEMENT_3D ( 'NONE', #2382, #147, #1206 ) ;
#921 = CARTESIAN_POINT ( 'NONE',  ( -51.99999999999998579, 0.000000000000000000, 51.99999999999998579 ) ) ;
#922 = CARTESIAN_POINT ( 'NONE',  ( 0.000000000000000000, 0.000000000000000000, 0.000000000000000000 ) ) ;
#923 = AXIS2_PLACEMENT_3D ( 'NONE', #2109, #357, #834 ) ;
#924 = ORIENTED_EDGE ( 'NONE', *, *, #2811, .F. ) ;
#925 = CIRCLE ( 'NONE', #1142, 49.75000000000000711 ) ;
#926 = CARTESIAN_POINT ( 'NONE',  ( 0.000000000000000000, 0.000000000000000000, 0.000000000000000000 ) ) ;
#927 = ORIENTED_EDGE ( 'NONE', *, *, #289, .T. ) ;
#928 = VECTOR ( 'NONE', #2879, 1000.000000000000114 ) ;
#929 = ORIENTED_EDGE ( 'NONE', *, *, #3073, .T. ) ;
#930 = DIRECTION ( 'NONE',  ( 0.000000000000000000, 1.000000000000000000, 0.000000000000000000 ) ) ;
#931 = VECTOR ( 'NONE', #578, 1000.000000000000000 ) ;
#932 = LINE ( 'NONE', #1679, #3157 ) ;
#933 = ADVANCED_FACE ( 'NONE', ( #3177 ), #3161, .F. ) ;
#934 = VECTOR ( 'NONE', #918, 1000.000000000000000 ) ;
#935 = VERTEX_POINT ( 'NONE', #1442 ) ;
#936 = DIRECTION ( 'NONE',  ( -0.7071067811865474617, 0.000000000000000000, 0.7071067811865474617 ) ) ;
#937 = DIRECTION ( 'NONE',  ( 0.000000000000000000, 0.000000000000000000, 1.000000000000000000 ) ) ;
#938 = LINE ( 'NONE', #1169, #934 ) ;
#939 = EDGE_CURVE ( 'NONE', #713, #2860, #135, .T. ) ;
#940 = VERTEX_POINT ( 'NONE', #2655 ) ;
#941 = LINE ( 'NONE', #1484, #1750 ) ;
#942 = DIRECTION ( 'NONE',  ( -0.7071067811865439090, 0.000000000000000000, 0.7071067811865512365 ) ) ;
#943 = ORIENTED_EDGE ( 'NONE', *, *, #594, .T. ) ;
#944 = DIRECTION ( 'NONE',  ( 0.000000000000000000, 1.000000000000000000, 0.000000000000000000 ) ) ;
#945 = ORIENTED_EDGE ( 'NONE', *, *, #803, .T. ) ;
#946 = FACE_BOUND ( 'NONE', #1377, .T. ) ;
#947 = CARTESIAN_POINT ( 'NONE',  ( 38.92622830431945147, 1.500000000000000000, -40.26973118857389267 ) ) ;
#948 = VERTEX_POINT ( 'NONE', #2896 ) ;
#949 = CARTESIAN_POINT ( 'NONE',  ( 51.99999999999998579, 1.500000000000000000, -54.75000000000000000 ) ) ;
#950 = DIRECTION ( 'NONE',  ( -0.000000000000000000, -1.000000000000000000, -0.000000000000000000 ) ) ;
#951 = ADVANCED_FACE ( 'NONE', ( #197 ), #673, .F. ) ;
#952 = DIRECTION ( 'NONE',  ( 0.000000000000000000, 0.000000000000000000, 1.000000000000000000 ) ) ;
#953 = ORIENTED_EDGE ( 'NONE', *, *, #1673, .T. ) ;
#954 = LINE ( 'NONE', #2691, #1498 ) ;
#955 = EDGE_CURVE ( 'NONE', #2005, #261, #408, .T. ) ;
#956 = LINE ( 'NONE', #693, #200 ) ;
#957 = VECTOR ( 'NONE', #1871, 1000.000000000000000 ) ;
#958 = VERTEX_POINT ( 'NONE', #421 ) ;
#959 = FACE_BOUND ( 'NONE', #1035, .T. ) ;
#960 = DIRECTION ( 'NONE',  ( -0.000000000000000000, -1.000000000000000000, -0.000000000000000000 ) ) ;
#961 = ORIENTED_EDGE ( 'NONE', *, *, #347, .F. ) ;
#962 = VERTEX_POINT ( 'NONE', #1426 ) ;
#963 = CARTESIAN_POINT ( 'NONE',  ( -28.13501859548756912, 0.000000000000000000, -29.47852147974129977 ) ) ;
#964 = ADVANCED_FACE ( 'NONE', ( #3192 ), #2411, .F. ) ;
#965 = LINE ( 'NONE', #1715, #1962 ) ;
#966 = EDGE_LOOP ( 'NONE', ( #1844, #2352, #1107, #146 ) ) ;
#967 = CARTESIAN_POINT ( 'NONE',  ( -40.26973118857388556, 1.500000000000000000, -38.92622830431945147 ) ) ;
#968 = CARTESIAN_POINT ( 'NONE',  ( 0.000000000000000000, 0.000000000000000000, 0.000000000000000000 ) ) ;
#969 = DIRECTION ( 'NONE',  ( -0.7071067811865512365, 0.000000000000000000, -0.7071067811865439090 ) ) ;
#970 = EDGE_LOOP ( 'NONE', ( #1997, #633, #2932, #2563 ) ) ;
#971 = DIRECTION ( 'NONE',  ( -1.000000000000000000, -0.000000000000000000, -0.000000000000000000 ) ) ;
#972 = CIRCLE ( 'NONE', #2266, 22.00000000000000000 ) ;
#973 = CARTESIAN_POINT ( 'NONE',  ( 40.26973118857387846, 1.500000000000000000, 38.92622830431944436 ) ) ;
#974 = VECTOR ( 'NONE', #2788, 1000.000000000000000 ) ;
#975 = EDGE_CURVE ( 'NONE', #1968, #1030, #1181, .T. ) ;
#976 = ORIENTED_EDGE ( 'NONE', *, *, #49, .F. ) ;
#977 = LINE ( 'NONE', #498, #2357 ) ;
#978 = VECTOR ( 'NONE', #3004, 1000.000000000000000 ) ;
#979 = DIRECTION ( 'NONE',  ( 0.000000000000000000, 0.000000000000000000, -1.000000000000000000 ) ) ;
#980 = AXIS2_PLACEMENT_3D ( 'NONE', #1586, #589, #3048 ) ;
#981 = ORIENTED_EDGE ( 'NONE', *, *, #410, .T. ) ;
#982 = VECTOR ( 'NONE', #1200, 1000.000000000000114 ) ;
#983 = CARTESIAN_POINT ( 'NONE',  ( -40.26973118857388556, 0.000000000000000000, -38.92622830431945147 ) ) ;
#984 = ORIENTED_EDGE ( 'NONE', *, *, #3109, .F. ) ;
#985 = AXIS2_PLACEMENT_3D ( 'NONE', #3085, #3027, #2077 ) ;
#986 = APPROVAL_ROLE ( '' ) ;
#987 = ORIENTED_EDGE ( 'NONE', *, *, #1198, .F. ) ;
#988 = AXIS2_PLACEMENT_3D ( 'NONE', #1906, #1466, #1182 ) ;
#989 = CARTESIAN_POINT ( 'NONE',  ( 0.000000000000000000, 0.000000000000000000, 0.000000000000000000 ) ) ;
#990 = CARTESIAN_POINT ( 'NONE',  ( 0.000000000000000000, 1.500000000000000000, 0.000000000000000000 ) ) ;
#991 = VECTOR ( 'NONE', #3067, 1000.000000000000000 ) ;
#992 = ORIENTED_EDGE ( 'NONE', *, *, #551, .T. ) ;
#993 = CARTESIAN_POINT ( 'NONE',  ( 27.07405905243213340, 1.500000000000000000, -28.41756193668657815 ) ) ;
#994 = DIRECTION ( 'NONE',  ( 0.000000000000000000, 1.000000000000000000, 0.000000000000000000 ) ) ;
#995 = EDGE_LOOP ( 'NONE', ( #1329, #2369, #1949, #1542 ) ) ;
#996 = CARTESIAN_POINT ( 'NONE',  ( -52.00000000000000000, 0.000000000000000000, -60.00000000000000000 ) ) ;
#997 = DIRECTION ( 'NONE',  ( 0.000000000000000000, 1.000000000000000000, 0.000000000000000000 ) ) ;
#998 = EDGE_CURVE ( 'NONE', #940, #2106, #2425, .T. ) ;
#999 = EDGE_LOOP ( 'NONE', ( #2145, #210, #2662, #2761 ) ) ;
#1000 = VECTOR ( 'NONE', #2565, 1000.000000000000000 ) ;
#1001 = CARTESIAN_POINT ( 'NONE',  ( 40.26973118857387846, 1.500000000000000000, 38.92622830431944436 ) ) ;
#1002 = EDGE_CURVE ( 'NONE', #1305, #582, #657, .T. ) ;
#1003 = SHAPE_DEFINITION_REPRESENTATION ( #1419, #2021 ) ;
#1004 = ORIENTED_EDGE ( 'NONE', *, *, #2825, .F. ) ;
#1005 = VERTEX_POINT ( 'NONE', #1167 ) ;
#1006 = DIRECTION ( 'NONE',  ( -0.7071067811865462405, 0.000000000000000000, 0.7071067811865487940 ) ) ;
#1007 = DIRECTION ( 'NONE',  ( 0.000000000000000000, 1.000000000000000000, 0.000000000000000000 ) ) ;
#1008 = ORIENTED_EDGE ( 'NONE', *, *, #232, .F. ) ;
#1009 = FACE_OUTER_BOUND ( 'NONE', #2650, .T. ) ;
#1010 = LINE ( 'NONE', #1273, #2844 ) ;
#1011 = EDGE_CURVE ( 'NONE', #2461, #3084, #1717, .T. ) ;
#1012 = EDGE_LOOP ( 'NONE', ( #1423, #24 ) ) ;
#1013 = FACE_OUTER_BOUND ( 'NONE', #1102, .T. ) ;
#1014 = DIRECTION ( 'NONE',  ( 0.7071067811865474617, 0.000000000000000000, 0.7071067811865474617 ) ) ;
#1015 = ORIENTED_EDGE ( 'NONE', *, *, #3040, .T. ) ;
#1016 = ADVANCED_FACE ( 'NONE', ( #459 ), #1938, .F. ) ;
#1017 = PLANE ( 'NONE',  #2888 ) ;
#1018 = EDGE_LOOP ( 'NONE', ( #6, #2812, #1545, #1634 ) ) ;
#1019 = EDGE_CURVE ( 'NONE', #2137, #3171, #653, .T. ) ;
#1020 = ORIENTED_EDGE ( 'NONE', *, *, #2975, .T. ) ;
#1021 = DIRECTION ( 'NONE',  ( 0.000000000000000000, 0.000000000000000000, 1.000000000000000000 ) ) ;
#1022 = CARTESIAN_POINT ( 'NONE',  ( 52.00000000000000000, 0.000000000000000000, 60.00000000000000000 ) ) ;
#1023 = ORIENTED_EDGE ( 'NONE', *, *, #574, .F. ) ;
#1024 = DIRECTION ( 'NONE',  ( 0.000000000000000000, 1.000000000000000000, 0.000000000000000000 ) ) ;
#1025 = DIRECTION ( 'NONE',  ( -0.000000000000000000, -1.000000000000000000, -0.000000000000000000 ) ) ;
#1026 = ORIENTED_EDGE ( 'NONE', *, *, #2854, .F. ) ;
#1027 = DIRECTION ( 'NONE',  ( 0.000000000000000000, 0.000000000000000000, 1.000000000000000000 ) ) ;
#1028 = CARTESIAN_POINT ( 'NONE',  ( -20.70767792350399006, 1.500000000000000000, -22.05118080775779532 ) ) ;
#1029 = VECTOR ( 'NONE', #282, 1000.000000000000114 ) ;
#1030 = VERTEX_POINT ( 'NONE', #701 ) ;
#1031 = AXIS2_PLACEMENT_3D ( 'NONE', #3031, #1283, #1006 ) ;
#1032 = CARTESIAN_POINT ( 'NONE',  ( 34.78303989624455284, 0.000000000000000000, 33.43953701199016137 ) ) ;
#1033 = APPROVAL_ROLE ( '' ) ;
#1034 = AXIS2_PLACEMENT_3D ( 'NONE', #586, #3044, #2858 ) ;
#1035 = EDGE_LOOP ( 'NONE', ( #2633, #2856 ) ) ;
#1036 = CIRCLE ( 'NONE', #2482, 39.25000000000000000 ) ;
#1037 = FACE_OUTER_BOUND ( 'NONE', #1367, .T. ) ;
#1038 = CIRCLE ( 'NONE', #1344, 2.750000000000016431 ) ;
#1039 = DIRECTION ( 'NONE',  ( 0.000000000000000000, 1.000000000000000000, 0.000000000000000000 ) ) ;
#1040 = EDGE_CURVE ( 'NONE', #3079, #463, #1649, .T. ) ;
#1041 = AXIS2_PLACEMENT_3D ( 'NONE', #148, #3092, #1365 ) ;
#1042 = ORIENTED_EDGE ( 'NONE', *, *, #1916, .T. ) ;
#1043 = DIRECTION ( 'NONE',  ( 0.7071067811865513475, 0.000000000000000000, 0.7071067811865436870 ) ) ;
#1044 = VECTOR ( 'NONE', #516, 1000.000000000000000 ) ;
#1045 = DIRECTION ( 'NONE',  ( 0.7071067811865512365, 0.000000000000000000, 0.7071067811865439090 ) ) ;
#1046 = EDGE_CURVE ( 'NONE', #550, #2260, #1465, .T. ) ;
#1047 = ORIENTED_EDGE ( 'NONE', *, *, #1966, .T. ) ;
#1048 = FACE_OUTER_BOUND ( 'NONE', #136, .T. ) ;
#1049 = CARTESIAN_POINT ( 'NONE',  ( 33.43953701199053796, 1.500000000000000000, 34.78303989624417625 ) ) ;
#1050 = ORIENTED_EDGE ( 'NONE', *, *, #1731, .F. ) ;
#1051 = CARTESIAN_POINT ( 'NONE',  ( -38.92622830431987069, 1.500000000000000000, -40.26973118857348766 ) ) ;
#1052 = PERSON_AND_ORGANIZATION_ROLE ( 'design_owner' ) ;
#1053 = EDGE_CURVE ( 'NONE', #383, #1463, #687, .T. ) ;
#1054 = DIRECTION ( 'NONE',  ( 0.000000000000000000, 1.000000000000000000, 0.000000000000000000 ) ) ;
#1055 = CARTESIAN_POINT ( 'NONE',  ( 0.000000000000000000, 1.500000000000000000, -39.25000000000000000 ) ) ;
#1056 = CARTESIAN_POINT ( 'NONE',  ( -51.99999999999998579, 1.500000000000000000, -51.99999999999998579 ) ) ;
#1057 = EDGE_LOOP ( 'NONE', ( #726, #1435, #457, #60 ) ) ;
#1058 = EDGE_CURVE ( 'NONE', #1084, #1794, #239, .T. ) ;
#1059 = CARTESIAN_POINT ( 'NONE',  ( 51.99999999999998579, 1.500000000000000000, -51.99999999999998579 ) ) ;
#1060 = CARTESIAN_POINT ( 'NONE',  ( -38.92622830431944436, 1.500000000000000000, 40.26973118857388556 ) ) ;
#1061 = VERTEX_POINT ( 'NONE', #2703 ) ;
#1062 = EDGE_CURVE ( 'NONE', #2060, #637, #1448, .T. ) ;
#1063 = CARTESIAN_POINT ( 'NONE',  ( -21.76883678545721423, 0.000000000000000000, 23.11233966971160214 ) ) ;
#1064 = DIRECTION ( 'NONE',  ( -0.7071067811865474617, 0.000000000000000000, 0.7071067811865474617 ) ) ;
#1065 = ORIENTED_EDGE ( 'NONE', *, *, #1141, .F. ) ;
#1066 = DIRECTION ( 'NONE',  ( 0.000000000000000000, 1.000000000000000000, 0.000000000000000000 ) ) ;
#1067 = LINE ( 'NONE', #3201, #2195 ) ;
#1068 = FACE_OUTER_BOUND ( 'NONE', #3215, .T. ) ;
#1069 = CARTESIAN_POINT ( 'NONE',  ( -28.13501859548722450, 1.500000000000000000, 29.47852147974163017 ) ) ;
#1070 = ORIENTED_EDGE ( 'NONE', *, *, #2079, .T. ) ;
#1071 = CARTESIAN_POINT ( 'NONE',  ( -23.11233966971163412, 1.500000000000000000, 21.76883678545718936 ) ) ;
#1072 = CARTESIAN_POINT ( 'NONE',  ( 0.000000000000000000, 0.000000000000000000, 0.000000000000000000 ) ) ;
#1073 = ORIENTED_EDGE ( 'NONE', *, *, #1554, .F. ) ;
#1074 = DIRECTION ( 'NONE',  ( 0.7071067811865474617, 0.000000000000000000, -0.7071067811865474617 ) ) ;
#1075 = EDGE_CURVE ( 'NONE', #2106, #401, #2716, .T. ) ;
#1076 = ORIENTED_EDGE ( 'NONE', *, *, #2931, .T. ) ;
#1077 = DIRECTION ( 'NONE',  ( 0.000000000000000000, 0.000000000000000000, 1.000000000000000000 ) ) ;
#1078 = AXIS2_PLACEMENT_3D ( 'NONE', #1893, #1139, #2121 ) ;
#1079 = ADVANCED_FACE ( 'NONE', ( #490, #2036, #2979, #2780, #262, #54, #2212, #1780, #2248, #1300, #4, #3015, #3210 ), #2261, .F. ) ;
#1080 = DIRECTION ( 'NONE',  ( 0.000000000000000000, 0.000000000000000000, 1.000000000000000000 ) ) ;
#1081 = CARTESIAN_POINT ( 'NONE',  ( 0.000000000000000000, 1.500000000000000000, 0.000000000000000000 ) ) ;
#1082 = AXIS2_PLACEMENT_3D ( 'NONE', #1812, #1360, #1340 ) ;
#1083 = CARTESIAN_POINT ( 'NONE',  ( 35.84389951414567577, 0.000000000000000000, -34.50039662989149747 ) ) ;
#1084 = VERTEX_POINT ( 'NONE', #1055 ) ;
#1085 = AXIS2_PLACEMENT_3D ( 'NONE', #1807, #798, #107 ) ;
#1086 = DIRECTION ( 'NONE',  ( 0.7071067811865513475, 0.000000000000000000, 0.7071067811865436870 ) ) ;
#1087 = DIRECTION ( 'NONE',  ( -0.000000000000000000, -1.000000000000000000, -0.000000000000000000 ) ) ;
#1088 = AXIS2_PLACEMENT_3D ( 'NONE', #2082, #2555, #386 ) ;
#1089 = AXIS2_PLACEMENT_3D ( 'NONE', #484, #2466, #2241 ) ;
#1090 = ORIENTED_EDGE ( 'NONE', *, *, #215, .F. ) ;
#1091 = DIRECTION ( 'NONE',  ( 0.7071067811865436870, 0.000000000000000000, -0.7071067811865513475 ) ) ;
#1092 = VECTOR ( 'NONE', #1652, 1000.000000000000000 ) ;
#1093 = CIRCLE ( 'NONE', #254, 30.25000000000000000 ) ;
#1094 = ORIENTED_EDGE ( 'NONE', *, *, #2257, .T. ) ;
#1095 = ADVANCED_FACE ( 'NONE', ( #1037 ), #227, .F. ) ;
#1096 = LINE ( 'NONE', #812, #2114 ) ;
#1097 = ORIENTED_EDGE ( 'NONE', *, *, #1460, .F. ) ;
#1098 = LINE ( 'NONE', #2796, #1000 ) ;
#1099 = EDGE_CURVE ( 'NONE', #571, #713, #448, .T. ) ;
#1100 = DIRECTION ( 'NONE',  ( -0.7071067811865512365, 0.000000000000000000, -0.7071067811865439090 ) ) ;
#1101 = CARTESIAN_POINT ( 'NONE',  ( 0.000000000000000000, 1.500000000000000000, 0.000000000000000000 ) ) ;
#1102 = EDGE_LOOP ( 'NONE', ( #2185, #876, #1692, #3021 ) ) ;
#1103 = CYLINDRICAL_SURFACE ( 'NONE', #1901, 49.75000000000000711 ) ;
#1104 = DIRECTION ( 'NONE',  ( 0.000000000000000000, 1.000000000000000000, 0.000000000000000000 ) ) ;
#1105 = ORIENTED_EDGE ( 'NONE', *, *, #2324, .F. ) ;
#1106 = DIRECTION ( 'NONE',  ( 0.000000000000000000, 0.000000000000000000, 1.000000000000000000 ) ) ;
#1107 = ORIENTED_EDGE ( 'NONE', *, *, #1823, .T. ) ;
#1108 = CYLINDRICAL_SURFACE ( 'NONE', #766, 2.750000000000016431 ) ;
#1109 = EDGE_CURVE ( 'NONE', #1292, #745, #2280, .T. ) ;
#1110 = ORIENTED_EDGE ( 'NONE', *, *, #2026, .T. ) ;
#1111 = ORIENTED_EDGE ( 'NONE', *, *, #1432, .F. ) ;
#1112 = CARTESIAN_POINT ( 'NONE',  ( 0.000000000000000000, 0.000000000000000000, 0.000000000000000000 ) ) ;
#1113 = AXIS2_PLACEMENT_3D ( 'NONE', #2857, #2204, #2141 ) ;
#1114 = PLANE ( 'NONE',  #1706 ) ;
#1115 = EDGE_CURVE ( 'NONE', #3065, #1868, #801, .T. ) ;
#1116 = VERTEX_POINT ( 'NONE', #1974 ) ;
#1117 = DIRECTION ( 'NONE',  ( -0.7071067811865512365, 0.000000000000000000, -0.7071067811865439090 ) ) ;
#1118 = CARTESIAN_POINT ( 'NONE',  ( -51.99999999999998579, 0.000000000000000000, 51.99999999999998579 ) ) ;
#1119 = FACE_BOUND ( 'NONE', #3051, .T. ) ;
#1120 = PRODUCT_DEFINITION ( '�', '', #2793, #901 ) ;
#1121 = ORIENTED_EDGE ( 'NONE', *, *, #257, .T. ) ;
#1122 = CARTESIAN_POINT ( 'NONE',  ( 0.000000000000000000, 0.000000000000000000, 0.000000000000000000 ) ) ;
#1123 = VERTEX_POINT ( 'NONE', #2764 ) ;
#1124 = EDGE_LOOP ( 'NONE', ( #1665, #1197, #992, #2537 ) ) ;
#1125 = DIRECTION ( 'NONE',  ( -0.000000000000000000, -1.000000000000000000, -0.000000000000000000 ) ) ;
#1126 = VERTEX_POINT ( 'NONE', #1254 ) ;
#1127 = LINE ( 'NONE', #235, #1628 ) ;
#1128 = CYLINDRICAL_SURFACE ( 'NONE', #451, 49.75000000000000711 ) ;
#1129 = DIRECTION ( 'NONE',  ( 0.000000000000000000, 0.000000000000000000, -1.000000000000000000 ) ) ;
#1130 = AXIS2_PLACEMENT_3D ( 'NONE', #753, #2768, #2720 ) ;
#1131 = ORIENTED_EDGE ( 'NONE', *, *, #1534, .T. ) ;
#1132 = LINE ( 'NONE', #1378, #3205 ) ;
#1133 = VECTOR ( 'NONE', #1393, 1000.000000000000114 ) ;
#1134 = DIRECTION ( 'NONE',  ( 0.000000000000000000, 1.000000000000000000, 0.000000000000000000 ) ) ;
#1135 = EDGE_CURVE ( 'NONE', #1779, #958, #763, .T. ) ;
#1136 = LINE ( 'NONE', #1860, #2390 ) ;
#1137 = AXIS2_PLACEMENT_3D ( 'NONE', #2617, #897, #2127 ) ;
#1138 = ORIENTED_EDGE ( 'NONE', *, *, #2000, .T. ) ;
#1139 = DIRECTION ( 'NONE',  ( 0.7071067811865475727, -0.000000000000000000, 0.7071067811865475727 ) ) ;
#1140 = CIRCLE ( 'NONE', #2065, 48.25000000000000000 ) ;
#1141 = EDGE_CURVE ( 'NONE', #2852, #1700, #2966, .T. ) ;
#1142 = AXIS2_PLACEMENT_3D ( 'NONE', #1536, #2962, #2712 ) ;
#1143 = EDGE_LOOP ( 'NONE', ( #1265, #3176, #1274, #2179 ) ) ;
#1144 = CIRCLE ( 'NONE', #770, 31.75000000000000000 ) ;
#1145 = DIRECTION ( 'NONE',  ( 0.7071067811865513475, 0.000000000000000000, 0.7071067811865436870 ) ) ;
#1146 = AXIS2_PLACEMENT_3D ( 'NONE', #2202, #2919, #1930 ) ;
#1147 = ORIENTED_EDGE ( 'NONE', *, *, #2095, .T. ) ;
#1148 = CARTESIAN_POINT ( 'NONE',  ( 0.000000000000000000, 0.000000000000000000, -49.75000000000000711 ) ) ;
#1149 = LINE ( 'NONE', #3188, #1959 ) ;
#1150 = DIRECTION ( 'NONE',  ( 0.000000000000000000, 0.000000000000000000, 1.000000000000000000 ) ) ;
#1151 = ORIENTED_EDGE ( 'NONE', *, *, #810, .F. ) ;
#1152 = CARTESIAN_POINT ( 'NONE',  ( 28.41756193668645736, 1.500000000000000000, -27.07405905243224709 ) ) ;
#1153 = CARTESIAN_POINT ( 'NONE',  ( -51.99999999999998579, 1.500000000000000000, -51.99999999999998579 ) ) ;
#1154 = PLANE ( 'NONE',  #880 ) ;
#1155 = EDGE_CURVE ( 'NONE', #1712, #2881, #84, .T. ) ;
#1156 = VERTEX_POINT ( 'NONE', #1766 ) ;
#1157 = CARTESIAN_POINT ( 'NONE',  ( 40.26973118857376477, 0.000000000000000000, -38.92622830431958647 ) ) ;
#1158 = EDGE_CURVE ( 'NONE', #3131, #720, #2162, .T. ) ;
#1159 = ORIENTED_EDGE ( 'NONE', *, *, #1204, .F. ) ;
#1160 = DIRECTION ( 'NONE',  ( -0.000000000000000000, -1.000000000000000000, -0.000000000000000000 ) ) ;
#1161 = EDGE_CURVE ( 'NONE', #637, #224, #291, .T. ) ;
#1162 = ORIENTED_EDGE ( 'NONE', *, *, #3109, .T. ) ;
#1163 = CARTESIAN_POINT ( 'NONE',  ( 40.26973118857387846, 1.500000000000000000, 38.92622830431944436 ) ) ;
#1164 = FACE_BOUND ( 'NONE', #2601, .T. ) ;
#1165 = DIRECTION ( 'NONE',  ( 0.000000000000000000, 0.000000000000000000, -1.000000000000000000 ) ) ;
#1166 = ORIENTED_EDGE ( 'NONE', *, *, #2773, .F. ) ;
#1167 = CARTESIAN_POINT ( 'NONE',  ( -16.21359013643878200, 1.500000000000000000, 14.87008725218433725 ) ) ;
#1168 = CARTESIAN_POINT ( 'NONE',  ( 0.000000000000000000, 1.500000000000000000, 0.000000000000000000 ) ) ;
#1169 = CARTESIAN_POINT ( 'NONE',  ( -35.84389951414580366, 1.500000000000000000, 34.50039662989135536 ) ) ;
#1170 = AXIS2_PLACEMENT_3D ( 'NONE', #2395, #141, #1724 ) ;
#1171 = ORIENTED_EDGE ( 'NONE', *, *, #370, .F. ) ;
#1172 = CARTESIAN_POINT ( 'NONE',  ( 0.000000000000000000, 1.500000000000000000, 0.000000000000000000 ) ) ;
#1173 = EDGE_LOOP ( 'NONE', ( #207, #1408, #1638, #1267 ) ) ;
#1174 = FACE_OUTER_BOUND ( 'NONE', #2911, .T. ) ;
#1175 = EDGE_CURVE ( 'NONE', #3095, #3127, #2835, .T. ) ;
#1176 = ORIENTED_EDGE ( 'NONE', *, *, #759, .T. ) ;
#1177 = DIRECTION ( 'NONE',  ( 0.000000000000000000, 0.000000000000000000, -1.000000000000000000 ) ) ;
#1178 = ADVANCED_FACE ( 'NONE', ( #2730 ), #1512, .F. ) ;
#1179 = DIRECTION ( 'NONE',  ( 0.000000000000000000, 0.000000000000000000, 1.000000000000000000 ) ) ;
#1180 = ORIENTED_EDGE ( 'NONE', *, *, #289, .F. ) ;
#1181 = LINE ( 'NONE', #2686, #395 ) ;
#1182 = DIRECTION ( 'NONE',  ( 0.000000000000000000, 0.000000000000000000, 1.000000000000000000 ) ) ;
#1183 = AXIS2_PLACEMENT_3D ( 'NONE', #2917, #1225, #658 ) ;
#1184 = CARTESIAN_POINT ( 'NONE',  ( -14.87008725218464278, 1.500000000000000000, -16.21359013643849778 ) ) ;
#1185 = EDGE_LOOP ( 'NONE', ( #1615, #2818, #253, #863, #2129, #363, #412, #1994, #2753, #1850, #1147, #2123, #981, #1758, #1786, #2426, #1588 ) ) ;
#1186 = CIRCLE ( 'NONE', #292, 2.750000000000016431 ) ;
#1187 = FACE_OUTER_BOUND ( 'NONE', #2333, .T. ) ;
#1188 = DIRECTION ( 'NONE',  ( -0.000000000000000000, -1.000000000000000000, -0.000000000000000000 ) ) ;
#1189 = CIRCLE ( 'NONE', #3101, 2.750000000000016431 ) ;
#1190 = VERTEX_POINT ( 'NONE', #765 ) ;
#1191 = CIRCLE ( 'NONE', #2273, 49.75000000000000711 ) ;
#1192 = CIRCLE ( 'NONE', #2890, 39.25000000000000000 ) ;
#1193 = CARTESIAN_POINT ( 'NONE',  ( -40.26973118857388556, 1.500000000000000000, -38.92622830431945147 ) ) ;
#1194 = ORIENTED_EDGE ( 'NONE', *, *, #1237, .F. ) ;
#1195 = AXIS2_PLACEMENT_3D ( 'NONE', #1101, #1571, #1129 ) ;
#1196 = VECTOR ( 'NONE', #960, 1000.000000000000000 ) ;
#1197 = ORIENTED_EDGE ( 'NONE', *, *, #1862, .F. ) ;
#1198 = EDGE_CURVE ( 'NONE', #2461, #2916, #1189, .T. ) ;
#1199 = APPROVAL_PERSON_ORGANIZATION ( #260, #2800, #2232 ) ;
#1200 = DIRECTION ( 'NONE',  ( -0.7071067811865474617, 0.000000000000000000, -0.7071067811865474617 ) ) ;
#1201 = AXIS2_PLACEMENT_3D ( 'NONE', #706, #251, #1470 ) ;
#1202 = DIRECTION ( 'NONE',  ( 0.000000000000000000, 1.000000000000000000, 0.000000000000000000 ) ) ;
#1203 = VECTOR ( 'NONE', #1926, 1000.000000000000000 ) ;
#1204 = EDGE_CURVE ( 'NONE', #547, #736, #607, .T. ) ;
#1205 = ORIENTED_EDGE ( 'NONE', *, *, #379, .T. ) ;
#1206 = DIRECTION ( 'NONE',  ( 0.000000000000000000, 0.000000000000000000, 1.000000000000000000 ) ) ;
#1207 = CARTESIAN_POINT ( 'NONE',  ( 60.00000000000000000, 1.500000000000000000, -52.00000000000000000 ) ) ;
#1208 = CARTESIAN_POINT ( 'NONE',  ( 51.99999999999998579, 0.000000000000000000, 49.24999999999996447 ) ) ;
#1209 = ORIENTED_EDGE ( 'NONE', *, *, #424, .T. ) ;
#1210 = FACE_OUTER_BOUND ( 'NONE', #3037, .T. ) ;
#1211 = DIRECTION ( 'NONE',  ( -0.7071067811865513475, 0.000000000000000000, -0.7071067811865436870 ) ) ;
#1212 = EDGE_LOOP ( 'NONE', ( #2845, #1528, #398, #2648 ) ) ;
#1213 = EDGE_CURVE ( 'NONE', #1535, #3095, #2841, .T. ) ;
#1214 = PLANE ( 'NONE',  #458 ) ;
#1215 = VERTEX_POINT ( 'NONE', #2543 ) ;
#1216 = CARTESIAN_POINT ( 'NONE',  ( 0.000000000000000000, 0.000000000000000000, -31.75000000000000000 ) ) ;
#1217 = CIRCLE ( 'NONE', #3025, 2.750000000000016431 ) ;
#1218 = APPLICATION_PROTOCOL_DEFINITION ( 'international standard', 'config_control_design', 1994, #2611 ) ;
#1219 = EDGE_LOOP ( 'NONE', ( #1324, #914, #2203, #690 ) ) ;
#1220 = DIRECTION ( 'NONE',  ( 0.000000000000000000, 1.000000000000000000, 0.000000000000000000 ) ) ;
#1221 = CARTESIAN_POINT ( 'NONE',  ( 33.43953701199054507, 0.000000000000000000, 34.78303989624418335 ) ) ;
#1222 = LINE ( 'NONE', #2950, #1203 ) ;
#1223 = ADVANCED_FACE ( 'NONE', ( #1596 ), #1837, .T. ) ;
#1224 = ORIENTED_EDGE ( 'NONE', *, *, #3093, .T. ) ;
#1225 = DIRECTION ( 'NONE',  ( -0.000000000000000000, -1.000000000000000000, -0.000000000000000000 ) ) ;
#1226 = CARTESIAN_POINT ( 'NONE',  ( -27.07405905243249578, 0.000000000000000000, -28.41756193668623709 ) ) ;
#1227 = ORIENTED_EDGE ( 'NONE', *, *, #2925, .F. ) ;
#1228 = CARTESIAN_POINT ( 'NONE',  ( -51.99999999999998579, 1.500000000000000000, 50.24999999999999289 ) ) ;
#1229 = CARTESIAN_POINT ( 'NONE',  ( 34.78303989624445336, 1.500000000000000000, -33.43953701199026796 ) ) ;
#1230 = ORIENTED_EDGE ( 'NONE', *, *, #449, .F. ) ;
#1231 = CARTESIAN_POINT ( 'NONE',  ( 0.000000000000000000, 1.500000000000000000, 0.000000000000000000 ) ) ;
#1232 = CARTESIAN_POINT ( 'NONE',  ( 52.00000000000000000, 1.500000000000000000, 60.00000000000000000 ) ) ;
#1233 = EDGE_LOOP ( 'NONE', ( #1531, #339, #123, #700 ) ) ;
#1234 = DIRECTION ( 'NONE',  ( 0.000000000000000000, 1.000000000000000000, 0.000000000000000000 ) ) ;
#1235 = DIRECTION ( 'NONE',  ( 0.000000000000000000, 0.000000000000000000, 1.000000000000000000 ) ) ;
#1236 = ORIENTED_EDGE ( 'NONE', *, *, #326, .F. ) ;
#1237 = EDGE_CURVE ( 'NONE', #368, #512, #296, .T. ) ;
#1238 = CARTESIAN_POINT ( 'NONE',  ( -34.78303989624458836, 1.500000000000000000, 33.43953701199014006 ) ) ;
#1239 = CIRCLE ( 'NONE', #2373, 58.00000000000000000 ) ;
#1240 = CARTESIAN_POINT ( 'NONE',  ( 0.000000000000000000, 0.000000000000000000, 0.000000000000000000 ) ) ;
#1241 = AXIS2_PLACEMENT_3D ( 'NONE', #115, #129, #886 ) ;
#1242 = ORIENTED_EDGE ( 'NONE', *, *, #1062, .F. ) ;
#1243 = ADVANCED_FACE ( 'NONE', ( #98 ), #2296, .F. ) ;
#1244 = DIRECTION ( 'NONE',  ( -0.000000000000000000, -1.000000000000000000, -0.000000000000000000 ) ) ;
#1245 = CARTESIAN_POINT ( 'NONE',  ( -16.21359013643878910, 0.000000000000000000, 14.87008725218434613 ) ) ;
#1246 = AXIS2_PLACEMENT_3D ( 'NONE', #2442, #51, #1249 ) ;
#1247 = ORIENTED_EDGE ( 'NONE', *, *, #2423, .T. ) ;
#1248 = VECTOR ( 'NONE', #2747, 1000.000000000000000 ) ;
#1249 = DIRECTION ( 'NONE',  ( 0.000000000000000000, 0.000000000000000000, 1.000000000000000000 ) ) ;
#1250 = CIRCLE ( 'NONE', #191, 49.75000000000000711 ) ;
#1251 = AXIS2_PLACEMENT_3D ( 'NONE', #1443, #2429, #2447 ) ;
#1252 = DATE_AND_TIME ( #2277, #3003 ) ;
#1253 = ORIENTED_EDGE ( 'NONE', *, *, #2558, .F. ) ;
#1254 = CARTESIAN_POINT ( 'NONE',  ( 14.87008725218465877, 0.000000000000000000, 16.21359013643849778 ) ) ;
#1255 = DIRECTION ( 'NONE',  ( 0.7071067811865463515, 0.000000000000000000, -0.7071067811865487940 ) ) ;
#1256 = VECTOR ( 'NONE', #23, 1000.000000000000000 ) ;
#1257 = ORIENTED_EDGE ( 'NONE', *, *, #2178, .T. ) ;
#1258 = CARTESIAN_POINT ( 'NONE',  ( -40.26973118857388556, 1.500000000000000000, 38.92622830431944436 ) ) ;
#1259 = DIRECTION ( 'NONE',  ( -0.000000000000000000, -1.000000000000000000, -0.000000000000000000 ) ) ;
#1260 = EDGE_CURVE ( 'NONE', #948, #2987, #1825, .T. ) ;
#1261 = VERTEX_POINT ( 'NONE', #1872 ) ;
#1262 = DIRECTION ( 'NONE',  ( -0.7071067811865439090, 0.000000000000000000, 0.7071067811865512365 ) ) ;
#1263 = FACE_OUTER_BOUND ( 'NONE', #543, .T. ) ;
#1264 = ADVANCED_FACE ( 'NONE', ( #2583 ), #1128, .T. ) ;
#1265 = ORIENTED_EDGE ( 'NONE', *, *, #1688, .F. ) ;
#1266 = DIRECTION ( 'NONE',  ( -0.000000000000000000, -1.000000000000000000, -0.000000000000000000 ) ) ;
#1267 = ORIENTED_EDGE ( 'NONE', *, *, #1135, .F. ) ;
#1268 = EDGE_LOOP ( 'NONE', ( #2572, #2894, #2528, #1623 ) ) ;
#1269 = CARTESIAN_POINT ( 'NONE',  ( 0.000000000000000000, 1.500000000000000000, 0.000000000000000000 ) ) ;
#1270 = FACE_OUTER_BOUND ( 'NONE', #3225, .T. ) ;
#1271 = VERTEX_POINT ( 'NONE', #620 ) ;
#1272 = DIRECTION ( 'NONE',  ( 0.000000000000000000, 0.000000000000000000, 1.000000000000000000 ) ) ;
#1273 = CARTESIAN_POINT ( 'NONE',  ( 16.21359013643868252, 1.500000000000000000, -14.87008725218442962 ) ) ;
#1274 = ORIENTED_EDGE ( 'NONE', *, *, #2041, .T. ) ;
#1275 = FACE_OUTER_BOUND ( 'NONE', #75, .T. ) ;
#1276 = DIRECTION ( 'NONE',  ( 0.000000000000000000, 1.000000000000000000, 0.000000000000000000 ) ) ;
#1277 = EDGE_LOOP ( 'NONE', ( #1458, #1519, #1866, #2990 ) ) ;
#1278 = AXIS2_PLACEMENT_3D ( 'NONE', #1740, #2108, #318 ) ;
#1279 = EDGE_CURVE ( 'NONE', #2306, #742, #1582, .T. ) ;
#1280 = DIRECTION ( 'NONE',  ( 0.000000000000000000, 0.000000000000000000, -1.000000000000000000 ) ) ;
#1281 = VERTEX_POINT ( 'NONE', #846 ) ;
#1282 = EDGE_CURVE ( 'NONE', #1976, #3148, #2110, .T. ) ;
#1283 = DIRECTION ( 'NONE',  ( -0.7071067811865487940, 0.000000000000000000, -0.7071067811865462405 ) ) ;
#1284 = LINE ( 'NONE', #2003, #2951 ) ;
#1285 = EDGE_LOOP ( 'NONE', ( #447, #1888, #1600, #2697 ) ) ;
#1286 = LINE ( 'NONE', #2265, #1391 ) ;
#1287 = DIRECTION ( 'NONE',  ( 0.000000000000000000, 0.000000000000000000, -1.000000000000000000 ) ) ;
#1288 = VERTEX_POINT ( 'NONE', #2566 ) ;
#1289 = LINE ( 'NONE', #1309, #3203 ) ;
#1290 = CYLINDRICAL_SURFACE ( 'NONE', #1041, 30.25000000000000000 ) ;
#1291 = AXIS2_PLACEMENT_3D ( 'NONE', #1334, #2817, #119 ) ;
#1292 = VERTEX_POINT ( 'NONE', #66 ) ;
#1293 = AXIS2_PLACEMENT_3D ( 'NONE', #967, #2947, #1924 ) ;
#1294 = LINE ( 'NONE', #2456, #3001 ) ;
#1295 = PERSON_AND_ORGANIZATION ( #546, #348 ) ;
#1296 = AXIS2_PLACEMENT_3D ( 'NONE', #1557, #1234, #2002 ) ;
#1297 = EDGE_CURVE ( 'NONE', #497, #133, #2361, .T. ) ;
#1298 = ORIENTED_EDGE ( 'NONE', *, *, #747, .T. ) ;
#1299 = CIRCLE ( 'NONE', #562, 2.750000000000016431 ) ;
#1300 = FACE_BOUND ( 'NONE', #564, .T. ) ;
#1301 = VECTOR ( 'NONE', #1125, 1000.000000000000000 ) ;
#1302 = CARTESIAN_POINT ( 'NONE',  ( -33.43953701199052375, 1.500000000000000000, -34.78303989624419046 ) ) ;
#1303 = ADVANCED_FACE ( 'NONE', ( #1068 ), #2345, .F. ) ;
#1304 = CIRCLE ( 'NONE', #3108, 22.00000000000000000 ) ;
#1305 = VERTEX_POINT ( 'NONE', #817 ) ;
#1306 = LINE ( 'NONE', #2237, #2784 ) ;
#1307 = LINE ( 'NONE', #2548, #931 ) ;
#1308 = EDGE_LOOP ( 'NONE', ( #2211, #2908, #568, #1675 ) ) ;
#1309 = CARTESIAN_POINT ( 'NONE',  ( -60.00000000000000000, 1.500000000000000000, -52.00000000000000000 ) ) ;
#1310 = LINE ( 'NONE', #2772, #2743 ) ;
#1311 = EDGE_CURVE ( 'NONE', #3002, #401, #1597, .T. ) ;
#1312 = ORIENTED_EDGE ( 'NONE', *, *, #496, .F. ) ;
#1313 = FACE_OUTER_BOUND ( 'NONE', #2876, .T. ) ;
#1314 = DIRECTION ( 'NONE',  ( -0.000000000000000000, -1.000000000000000000, -0.000000000000000000 ) ) ;
#1315 = DIRECTION ( 'NONE',  ( 0.000000000000000000, 0.000000000000000000, -1.000000000000000000 ) ) ;
#1316 = LINE ( 'NONE', #491, #611 ) ;
#1317 = EDGE_LOOP ( 'NONE', ( #1166, #784, #3172, #2096 ) ) ;
#1318 = CARTESIAN_POINT ( 'NONE',  ( 16.21359013643865055, 1.500000000000000000, 14.87008725218447225 ) ) ;
#1319 = EDGE_CURVE ( 'NONE', #463, #1399, #1505, .T. ) ;
#1320 = LINE ( 'NONE', #1544, #1256 ) ;
#1321 = ORIENTED_EDGE ( 'NONE', *, *, #273, .F. ) ;
#1322 = CARTESIAN_POINT ( 'NONE',  ( -40.26973118857388556, 1.500000000000000000, -38.92622830431945147 ) ) ;
#1323 = ADVANCED_FACE ( 'NONE', ( #2093 ), #1616, .F. ) ;
#1324 = ORIENTED_EDGE ( 'NONE', *, *, #2263, .T. ) ;
#1325 = CARTESIAN_POINT ( 'NONE',  ( -38.92622830431944436, 0.000000000000000000, 40.26973118857388556 ) ) ;
#1326 = CARTESIAN_POINT ( 'NONE',  ( 40.26973118857376477, 1.500000000000000000, -38.92622830431958647 ) ) ;
#1327 = DIRECTION ( 'NONE',  ( -0.000000000000000000, -1.000000000000000000, -0.000000000000000000 ) ) ;
#1328 = DIRECTION ( 'NONE',  ( 0.000000000000000000, 1.000000000000000000, 0.000000000000000000 ) ) ;
#1329 = ORIENTED_EDGE ( 'NONE', *, *, #1062, .T. ) ;
#1330 = DIRECTION ( 'NONE',  ( -0.000000000000000000, -1.000000000000000000, -0.000000000000000000 ) ) ;
#1331 = DIRECTION ( 'NONE',  ( -0.7071067811865439090, 0.000000000000000000, 0.7071067811865512365 ) ) ;
#1332 = EDGE_CURVE ( 'NONE', #312, #849, #1374, .T. ) ;
#1333 = ORIENTED_EDGE ( 'NONE', *, *, #751, .T. ) ;
#1334 = CARTESIAN_POINT ( 'NONE',  ( 0.000000000000000000, 0.000000000000000000, 0.000000000000000000 ) ) ;
#1335 = EDGE_CURVE ( 'NONE', #349, #1945, #2532, .T. ) ;
#1336 = EDGE_LOOP ( 'NONE', ( #782, #2339 ) ) ;
#1337 = CARTESIAN_POINT ( 'NONE',  ( 40.26973118857387846, 0.000000000000000000, 38.92622830431944436 ) ) ;
#1338 = VECTOR ( 'NONE', #2097, 1000.000000000000000 ) ;
#1339 = CARTESIAN_POINT ( 'NONE',  ( 22.05118080775800138, 1.500000000000000000, 20.70767792350375558 ) ) ;
#1340 = DIRECTION ( 'NONE',  ( -0.7071067811865513475, 0.000000000000000000, -0.7071067811865436870 ) ) ;
#1341 = CIRCLE ( 'NONE', #39, 48.25000000000000000 ) ;
#1342 = FACE_OUTER_BOUND ( 'NONE', #970, .T. ) ;
#1343 = ORIENTED_EDGE ( 'NONE', *, *, #767, .T. ) ;
#1344 = AXIS2_PLACEMENT_3D ( 'NONE', #2341, #1848, #1077 ) ;
#1345 = DIRECTION ( 'NONE',  ( -0.000000000000000000, -1.000000000000000000, -0.000000000000000000 ) ) ;
#1346 = DIRECTION ( 'NONE',  ( -0.7071067811865462405, 0.000000000000000000, 0.7071067811865487940 ) ) ;
#1347 = CIRCLE ( 'NONE', #1599, 22.00000000000000000 ) ;
#1348 = CIRCLE ( 'NONE', #2794, 8.000000000000014211 ) ;
#1349 = EDGE_LOOP ( 'NONE', ( #800, #2152, #666, #1131 ) ) ;
#1350 = DIRECTION ( 'NONE',  ( 0.7071067811865512365, 0.000000000000000000, 0.7071067811865439090 ) ) ;
#1351 = AXIS2_PLACEMENT_3D ( 'NONE', #2967, #440, #2214 ) ;
#1352 = ADVANCED_FACE ( 'NONE', ( #2191 ), #434, .F. ) ;
#1353 = EDGE_LOOP ( 'NONE', ( #2801, #27, #1716, #3026 ) ) ;
#1354 = VECTOR ( 'NONE', #2765, 1000.000000000000000 ) ;
#1355 = ORIENTED_EDGE ( 'NONE', *, *, #2900, .T. ) ;
#1356 = FACE_OUTER_BOUND ( 'NONE', #1648, .T. ) ;
#1357 = EDGE_CURVE ( 'NONE', #2012, #885, #208, .T. ) ;
#1358 = ORIENTED_EDGE ( 'NONE', *, *, #2825, .T. ) ;
#1359 = CARTESIAN_POINT ( 'NONE',  ( 34.50039662989135536, 1.500000000000000000, -35.84389951414580366 ) ) ;
#1360 = DIRECTION ( 'NONE',  ( 0.7071067811865436870, 0.000000000000000000, -0.7071067811865513475 ) ) ;
#1361 = DIRECTION ( 'NONE',  ( -0.7071067811865487940, 0.000000000000000000, -0.7071067811865462405 ) ) ;
#1362 = VERTEX_POINT ( 'NONE', #2158 ) ;
#1363 = CIRCLE ( 'NONE', #2353, 30.25000000000000000 ) ;
#1364 = CARTESIAN_POINT ( 'NONE',  ( 40.26973118857387846, 1.500000000000000000, 38.92622830431944436 ) ) ;
#1365 = DIRECTION ( 'NONE',  ( 0.000000000000000000, 0.000000000000000000, -1.000000000000000000 ) ) ;
#1366 = CARTESIAN_POINT ( 'NONE',  ( 0.000000000000000000, 1.500000000000000000, -58.00000000000000000 ) ) ;
#1367 = EDGE_LOOP ( 'NONE', ( #1821, #2984, #2870, #976 ) ) ;
#1368 = CARTESIAN_POINT ( 'NONE',  ( 40.26973118857387846, 1.500000000000000000, 38.92622830431944436 ) ) ;
#1369 = VERTEX_POINT ( 'NONE', #418 ) ;
#1370 = CYLINDRICAL_SURFACE ( 'NONE', #3214, 30.25000000000000000 ) ;
#1371 = EDGE_LOOP ( 'NONE', ( #677, #1253, #50, #811 ) ) ;
#1372 = EDGE_CURVE ( 'NONE', #2907, #1794, #1887, .T. ) ;
#1373 = CARTESIAN_POINT ( 'NONE',  ( 21.76883678545753398, 1.500000000000000000, 23.11233966971129661 ) ) ;
#1374 = LINE ( 'NONE', #635, #982 ) ;
#1375 = CARTESIAN_POINT ( 'NONE',  ( -34.78303989624453862, 1.500000000000000000, -33.43953701199016137 ) ) ;
#1376 = EDGE_CURVE ( 'NONE', #1156, #2032, #142, .T. ) ;
#1377 = EDGE_LOOP ( 'NONE', ( #1561, #1412, #2840, #2091 ) ) ;
#1378 = CARTESIAN_POINT ( 'NONE',  ( -40.26973118857388556, 0.000000000000000000, -38.92622830431945147 ) ) ;
#1379 = CARTESIAN_POINT ( 'NONE',  ( -35.84389951414577524, 1.500000000000000000, -34.50039662989138378 ) ) ;
#1380 = LINE ( 'NONE', #2336, #1092 ) ;
#1381 = ORIENTED_EDGE ( 'NONE', *, *, #2287, .F. ) ;
#1382 = FACE_OUTER_BOUND ( 'NONE', #1523, .T. ) ;
#1383 = ORIENTED_EDGE ( 'NONE', *, *, #168, .F. ) ;
#1384 = DIRECTION ( 'NONE',  ( 0.000000000000000000, 1.000000000000000000, 0.000000000000000000 ) ) ;
#1385 = ORIENTED_EDGE ( 'NONE', *, *, #2975, .F. ) ;
#1386 = DIRECTION ( 'NONE',  ( 0.000000000000000000, 0.000000000000000000, 1.000000000000000000 ) ) ;
#1387 = AXIS2_PLACEMENT_3D ( 'NONE', #3023, #3038, #2043 ) ;
#1388 = DIRECTION ( 'NONE',  ( 0.000000000000000000, 1.000000000000000000, 0.000000000000000000 ) ) ;
#1389 = CYLINDRICAL_SURFACE ( 'NONE', #138, 22.00000000000000000 ) ;
#1390 = EDGE_CURVE ( 'NONE', #1640, #1732, #1149, .T. ) ;
#1391 = VECTOR ( 'NONE', #40, 1000.000000000000000 ) ;
#1392 = ORIENTED_EDGE ( 'NONE', *, *, #3062, .F. ) ;
#1393 = DIRECTION ( 'NONE',  ( -0.7071067811865474617, 0.000000000000000000, 0.7071067811865474617 ) ) ;
#1394 = CIRCLE ( 'NONE', #920, 2.750000000000016431 ) ;
#1395 = CARTESIAN_POINT ( 'NONE',  ( -51.99999999999998579, 0.000000000000000000, -51.99999999999998579 ) ) ;
#1396 = FACE_OUTER_BOUND ( 'NONE', #1124, .T. ) ;
#1397 = EDGE_CURVE ( 'NONE', #1420, #2593, #2142, .T. ) ;
#1398 = AXIS2_PLACEMENT_3D ( 'NONE', #2176, #2377, #1177 ) ;
#1399 = VERTEX_POINT ( 'NONE', #1216 ) ;
#1400 = PLANE ( 'NONE',  #1444 ) ;
#1401 = CIRCLE ( 'NONE', #2838, 39.25000000000000000 ) ;
#1402 = APPROVAL ( #2518, '未' ) ;
#1403 = LOCAL_TIME ( 22, 4, 11.00000000000000000, #504 ) ;
#1404 = ORIENTED_EDGE ( 'NONE', *, *, #891, .T. ) ;
#1405 = CIRCLE ( 'NONE', #3218, 58.00000000000000000 ) ;
#1406 = DIRECTION ( 'NONE',  ( 0.7071067811865474617, 0.000000000000000000, 0.7071067811865474617 ) ) ;
#1407 = CIRCLE ( 'NONE', #352, 8.000000000000014211 ) ;
#1408 = ORIENTED_EDGE ( 'NONE', *, *, #2636, .T. ) ;
#1409 = FACE_OUTER_BOUND ( 'NONE', #1489, .T. ) ;
#1410 = DIRECTION ( 'NONE',  ( 0.000000000000000000, -0.000000000000000000, 1.000000000000000000 ) ) ;
#1411 = LINE ( 'NONE', #1921, #716 ) ;
#1412 = ORIENTED_EDGE ( 'NONE', *, *, #1589, .T. ) ;
#1413 = DIRECTION ( 'NONE',  ( 0.000000000000000000, 1.000000000000000000, 0.000000000000000000 ) ) ;
#1414 = DIRECTION ( 'NONE',  ( 0.7071067811865436870, 0.000000000000000000, -0.7071067811865513475 ) ) ;
#1415 = DIRECTION ( 'NONE',  ( 0.000000000000000000, 1.000000000000000000, 0.000000000000000000 ) ) ;
#1416 = EDGE_LOOP ( 'NONE', ( #2495, #1257 ) ) ;
#1417 = EDGE_CURVE ( 'NONE', #1868, #2593, #1341, .T. ) ;
#1418 = CARTESIAN_POINT ( 'NONE',  ( 14.87008725218434080, 1.500000000000000000, -16.21359013643878555 ) ) ;
#1419 = PRODUCT_DEFINITION_SHAPE ( 'NONE', 'NONE',  #1120 ) ;
#1420 = VERTEX_POINT ( 'NONE', #963 ) ;
#1421 = EDGE_CURVE ( 'NONE', #2612, #2239, #2666, .T. ) ;
#1422 = CARTESIAN_POINT ( 'NONE',  ( 0.000000000000000000, 1.500000000000000000, 0.000000000000000000 ) ) ;
#1423 = ORIENTED_EDGE ( 'NONE', *, *, #2, .T. ) ;
#1424 = FACE_BOUND ( 'NONE', #2471, .T. ) ;
#1425 = ORIENTED_EDGE ( 'NONE', *, *, #1684, .F. ) ;
#1426 = CARTESIAN_POINT ( 'NONE',  ( -22.05118080775800138, 1.500000000000000000, -20.70767792350376268 ) ) ;
#1427 = PLANE ( 'NONE',  #1967 ) ;
#1428 = CARTESIAN_POINT ( 'NONE',  ( 38.92622830431987069, 0.000000000000000000, 40.26973118857345924 ) ) ;
#1429 = VERTEX_POINT ( 'NONE', #3154 ) ;
#1430 = CYLINDRICAL_SURFACE ( 'NONE', #2210, 31.75000000000000000 ) ;
#1431 = CARTESIAN_POINT ( 'NONE',  ( 52.00000000000000000, 1.500000000000000000, 60.00000000000000000 ) ) ;
#1432 = EDGE_CURVE ( 'NONE', #85, #1362, #3138, .T. ) ;
#1433 = ORIENTED_EDGE ( 'NONE', *, *, #661, .F. ) ;
#1434 = DIRECTION ( 'NONE',  ( -0.000000000000000000, -1.000000000000000000, -0.000000000000000000 ) ) ;
#1435 = ORIENTED_EDGE ( 'NONE', *, *, #832, .F. ) ;
#1436 = ADVANCED_FACE ( 'NONE', ( #1664, #1424, #1164, #912, #946, #1935, #2943, #649, #2924, #699, #403, #1693, #1645 ), #3125, .T. ) ;
#1437 = ORIENTED_EDGE ( 'NONE', *, *, #58, .F. ) ;
#1438 = CARTESIAN_POINT ( 'NONE',  ( 0.000000000000000000, 0.000000000000000000, 0.000000000000000000 ) ) ;
#1439 = EDGE_LOOP ( 'NONE', ( #660, #17, #2580, #2047, #2433, #2887, #1070, #2445 ) ) ;
#1440 = CARTESIAN_POINT ( 'NONE',  ( -20.70767792350368453, 0.000000000000000000, 22.05118080775806177 ) ) ;
#1441 = ORIENTED_EDGE ( 'NONE', *, *, #2363, .F. ) ;
#1442 = CARTESIAN_POINT ( 'NONE',  ( 33.43953701199013295, 1.500000000000000000, -34.78303989624458126 ) ) ;
#1443 = CARTESIAN_POINT ( 'NONE',  ( 38.92622830431987069, 1.500000000000000000, 40.26973118857345924 ) ) ;
#1444 = AXIS2_PLACEMENT_3D ( 'NONE', #1578, #1091, #3069 ) ;
#1445 = DIRECTION ( 'NONE',  ( 0.000000000000000000, 1.000000000000000000, 0.000000000000000000 ) ) ;
#1446 = EDGE_CURVE ( 'NONE', #1288, #497, #659, .T. ) ;
#1447 = ORIENTED_EDGE ( 'NONE', *, *, #2900, .F. ) ;
#1448 = CIRCLE ( 'NONE', #2886, 8.000000000000014211 ) ;
#1449 = CARTESIAN_POINT ( 'NONE',  ( 0.000000000000000000, 1.500000000000000000, 0.000000000000000000 ) ) ;
#1450 = DIRECTION ( 'NONE',  ( 0.000000000000000000, 1.000000000000000000, 0.000000000000000000 ) ) ;
#1451 = VECTOR ( 'NONE', #2632, 1000.000000000000000 ) ;
#1452 = ORIENTED_EDGE ( 'NONE', *, *, #2963, .F. ) ;
#1453 = VECTOR ( 'NONE', #2567, 1000.000000000000114 ) ;
#1454 = AXIS2_PLACEMENT_3D ( 'NONE', #630, #1641, #1627 ) ;
#1455 = ADVANCED_FACE ( 'NONE', ( #2889 ), #174, .F. ) ;
#1456 = DIRECTION ( 'NONE',  ( 0.000000000000000000, 0.000000000000000000, 1.000000000000000000 ) ) ;
#1457 = VECTOR ( 'NONE', #731, 1000.000000000000000 ) ;
#1458 = ORIENTED_EDGE ( 'NONE', *, *, #1673, .F. ) ;
#1459 = EDGE_CURVE ( 'NONE', #487, #194, #2630, .T. ) ;
#1460 = EDGE_CURVE ( 'NONE', #826, #547, #2988, .T. ) ;
#1461 = DIRECTION ( 'NONE',  ( 0.000000000000000000, 0.000000000000000000, 1.000000000000000000 ) ) ;
#1462 = AXIS2_PLACEMENT_3D ( 'NONE', #1621, #888, #2385 ) ;
#1463 = VERTEX_POINT ( 'NONE', #1713 ) ;
#1464 = ADVANCED_FACE ( 'NONE', ( #2258 ), #2727, .T. ) ;
#1465 = LINE ( 'NONE', #476, #1851 ) ;
#1466 = DIRECTION ( 'NONE',  ( 0.000000000000000000, 1.000000000000000000, 0.000000000000000000 ) ) ;
#1467 = DIRECTION ( 'NONE',  ( -0.7071067811865487940, 0.000000000000000000, -0.7071067811865462405 ) ) ;
#1468 = ORIENTED_EDGE ( 'NONE', *, *, #2562, .F. ) ;
#1469 = DIRECTION ( 'NONE',  ( 0.000000000000000000, 0.000000000000000000, -1.000000000000000000 ) ) ;
#1470 = DIRECTION ( 'NONE',  ( 0.000000000000000000, 0.000000000000000000, -1.000000000000000000 ) ) ;
#1471 = VECTOR ( 'NONE', #335, 1000.000000000000000 ) ;
#1472 = VERTEX_POINT ( 'NONE', #1032 ) ;
#1473 = FACE_OUTER_BOUND ( 'NONE', #2080, .T. ) ;
#1474 = CARTESIAN_POINT ( 'NONE',  ( -28.41756193668651065, 0.000000000000000000, -27.07405905243220445 ) ) ;
#1475 = ORIENTED_EDGE ( 'NONE', *, *, #2344, .T. ) ;
#1476 = CARTESIAN_POINT ( 'NONE',  ( 40.26973118857387846, 1.500000000000000000, 38.92622830431944436 ) ) ;
#1477 = DIRECTION ( 'NONE',  ( 0.7071067811865513475, 0.000000000000000000, 0.7071067811865436870 ) ) ;
#1478 = ADVANCED_FACE ( 'NONE', ( #2276 ), #1017, .F. ) ;
#1479 = EDGE_LOOP ( 'NONE', ( #1618, #1819, #602, #295 ) ) ;
#1480 = CARTESIAN_POINT ( 'NONE',  ( 51.99999999999998579, 0.000000000000000000, -51.99999999999998579 ) ) ;
#1481 = DIRECTION ( 'NONE',  ( 0.000000000000000000, 1.000000000000000000, 0.000000000000000000 ) ) ;
#1482 = EDGE_CURVE ( 'NONE', #1625, #205, #1760, .T. ) ;
#1483 = ORIENTED_EDGE ( 'NONE', *, *, #608, .F. ) ;
#1484 = CARTESIAN_POINT ( 'NONE',  ( -52.00000000000000000, 1.500000000000000000, -60.00000000000000000 ) ) ;
#1485 = CARTESIAN_POINT ( 'NONE',  ( 27.07405905243212985, 1.500000000000000000, -28.41756193668657460 ) ) ;
#1486 = EDGE_LOOP ( 'NONE', ( #2284, #1870, #1642, #1883 ) ) ;
#1487 = DIRECTION ( 'NONE',  ( -0.7071067811865512365, 0.000000000000000000, -0.7071067811865439090 ) ) ;
#1488 = DIRECTION ( 'NONE',  ( 0.000000000000000000, 1.000000000000000000, 0.000000000000000000 ) ) ;
#1489 = EDGE_LOOP ( 'NONE', ( #1151, #2230, #1242, #592, #2133, #1090, #2638, #180 ) ) ;
#1490 = CARTESIAN_POINT ( 'NONE',  ( 14.87008725218464811, 1.500000000000000000, 16.21359013643849067 ) ) ;
#1491 = DATE_AND_TIME ( #2778, #667 ) ;
#1492 = EDGE_LOOP ( 'NONE', ( #2821, #1833, #1983, #2849, #355, #2678 ) ) ;
#1493 = CARTESIAN_POINT ( 'NONE',  ( 38.92622830431945147, 0.000000000000000000, -40.26973118857389267 ) ) ;
#1494 = EDGE_CURVE ( 'NONE', #1156, #2137, #1401, .T. ) ;
#1495 = DIRECTION ( 'NONE',  ( -0.000000000000000000, -1.000000000000000000, -0.000000000000000000 ) ) ;
#1496 = ORIENTED_EDGE ( 'NONE', *, *, #466, .F. ) ;
#1497 = DIRECTION ( 'NONE',  ( 0.000000000000000000, 1.000000000000000000, 0.000000000000000000 ) ) ;
#1498 = VECTOR ( 'NONE', #2403, 1000.000000000000000 ) ;
#1499 = EDGE_CURVE ( 'NONE', #3002, #940, #486, .T. ) ;
#1500 = CARTESIAN_POINT ( 'NONE',  ( 0.000000000000000000, 1.500000000000000000, -49.75000000000000711 ) ) ;
#1501 = VECTOR ( 'NONE', #2130, 1000.000000000000114 ) ;
#1502 = ORIENTED_EDGE ( 'NONE', *, *, #93, .F. ) ;
#1503 = CARTESIAN_POINT ( 'NONE',  ( -33.43953701199052375, 1.500000000000000000, -34.78303989624420467 ) ) ;
#1504 = CARTESIAN_POINT ( 'NONE',  ( 40.26973118857376477, 1.500000000000000000, -38.92622830431958647 ) ) ;
#1505 = CIRCLE ( 'NONE', #188, 31.75000000000000000 ) ;
#1506 = ORIENTED_EDGE ( 'NONE', *, *, #1960, .F. ) ;
#1507 = DIRECTION ( 'NONE',  ( 0.000000000000000000, 0.000000000000000000, 1.000000000000000000 ) ) ;
#1508 = EDGE_LOOP ( 'NONE', ( #482, #1076, #907, #140 ) ) ;
#1509 = VECTOR ( 'NONE', #2454, 1000.000000000000000 ) ;
#1510 = EDGE_LOOP ( 'NONE', ( #2487, #1358, #2302, #2347 ) ) ;
#1511 = CIRCLE ( 'NONE', #406, 30.25000000000000000 ) ;
#1512 = CYLINDRICAL_SURFACE ( 'NONE', #1553, 1.749999999999987566 ) ;
#1513 = DIRECTION ( 'NONE',  ( 0.000000000000000000, 0.000000000000000000, 1.000000000000000000 ) ) ;
#1514 = AXIS2_PLACEMENT_3D ( 'NONE', #2704, #423, #2688 ) ;
#1515 = ORIENTED_EDGE ( 'NONE', *, *, #1731, .T. ) ;
#1516 = DIRECTION ( 'NONE',  ( 0.000000000000000000, 0.000000000000000000, -1.000000000000000000 ) ) ;
#1517 = LINE ( 'NONE', #2497, #1608 ) ;
#1518 = EDGE_CURVE ( 'NONE', #698, #2137, #3011, .T. ) ;
#1519 = ORIENTED_EDGE ( 'NONE', *, *, #1058, .T. ) ;
#1520 = CARTESIAN_POINT ( 'NONE',  ( -51.99999999999998579, 0.000000000000000000, -53.74999999999997158 ) ) ;
#1521 = CARTESIAN_POINT ( 'NONE',  ( 40.26973118857387846, 1.500000000000000000, 38.92622830431944436 ) ) ;
#1522 = EDGE_CURVE ( 'NONE', #583, #571, #781, .T. ) ;
#1523 = EDGE_LOOP ( 'NONE', ( #332, #2719, #153, #1931 ) ) ;
#1524 = CARTESIAN_POINT ( 'NONE',  ( 38.92622830431945147, 0.000000000000000000, -40.26973118857389267 ) ) ;
#1525 = ORIENTED_EDGE ( 'NONE', *, *, #848, .F. ) ;
#1526 = DIRECTION ( 'NONE',  ( 0.000000000000000000, 0.000000000000000000, -1.000000000000000000 ) ) ;
#1527 = CARTESIAN_POINT ( 'NONE',  ( 0.000000000000000000, 1.500000000000000000, 0.000000000000000000 ) ) ;
#1528 = ORIENTED_EDGE ( 'NONE', *, *, #814, .T. ) ;
#1529 = DIRECTION ( 'NONE',  ( -0.000000000000000000, -1.000000000000000000, -0.000000000000000000 ) ) ;
#1530 = CARTESIAN_POINT ( 'NONE',  ( -40.26973118857388556, 1.500000000000000000, -38.92622830431945147 ) ) ;
#1531 = ORIENTED_EDGE ( 'NONE', *, *, #1046, .F. ) ;
#1532 = DIRECTION ( 'NONE',  ( 0.7071067811865475727, -0.000000000000000000, 0.7071067811865475727 ) ) ;
#1533 = LINE ( 'NONE', #2514, #1861 ) ;
#1534 = EDGE_CURVE ( 'NONE', #656, #637, #1294, .T. ) ;
#1535 = VERTEX_POINT ( 'NONE', #1969 ) ;
#1536 = CARTESIAN_POINT ( 'NONE',  ( 0.000000000000000000, 0.000000000000000000, 0.000000000000000000 ) ) ;
#1537 = EDGE_CURVE ( 'NONE', #317, #3074, #925, .T. ) ;
#1538 = APPROVAL_DATE_TIME ( #1491, #2800 ) ;
#1539 = ORIENTED_EDGE ( 'NONE', *, *, #285, .F. ) ;
#1540 = CARTESIAN_POINT ( 'NONE',  ( 38.92622830431987069, 0.000000000000000000, 40.26973118857345924 ) ) ;
#1541 = CARTESIAN_POINT ( 'NONE',  ( -27.07405905243214761, 1.500000000000000000, 28.41756193668655328 ) ) ;
#1542 = ORIENTED_EDGE ( 'NONE', *, *, #3200, .T. ) ;
#1543 = DIRECTION ( 'NONE',  ( -0.000000000000000000, -1.000000000000000000, -0.000000000000000000 ) ) ;
#1544 = CARTESIAN_POINT ( 'NONE',  ( 0.000000000000000000, 1.500000000000000000, -30.25000000000000000 ) ) ;
#1545 = ORIENTED_EDGE ( 'NONE', *, *, #904, .T. ) ;
#1546 = DIRECTION ( 'NONE',  ( 0.7071067811865512365, 0.000000000000000000, 0.7071067811865439090 ) ) ;
#1547 = DIRECTION ( 'NONE',  ( -0.7071067811865512365, 0.000000000000000000, -0.7071067811865439090 ) ) ;
#1548 = CIRCLE ( 'NONE', #2883, 1.749999999999987566 ) ;
#1549 = ORIENTED_EDGE ( 'NONE', *, *, #1115, .T. ) ;
#1550 = VECTOR ( 'NONE', #1024, 1000.000000000000000 ) ;
#1551 = CARTESIAN_POINT ( 'NONE',  ( -51.99999999999998579, 1.500000000000000000, 53.74999999999997158 ) ) ;
#1552 = PERSON_AND_ORGANIZATION_ROLE ( 'creator' ) ;
#1553 = AXIS2_PLACEMENT_3D ( 'NONE', #2507, #19, #2991 ) ;
#1554 = EDGE_CURVE ( 'NONE', #1463, #1369, #14, .T. ) ;
#1555 = LINE ( 'NONE', #1326, #214 ) ;
#1556 = CIRCLE ( 'NONE', #769, 40.75000000000000000 ) ;
#1557 = CARTESIAN_POINT ( 'NONE',  ( 0.000000000000000000, 0.000000000000000000, 0.000000000000000000 ) ) ;
#1558 = CIRCLE ( 'NONE', #1654, 22.00000000000000000 ) ;
#1559 = LINE ( 'NONE', #819, #299 ) ;
#1560 = AXIS2_PLACEMENT_3D ( 'NONE', #534, #997, #744 ) ;
#1561 = ORIENTED_EDGE ( 'NONE', *, *, #2571, .F. ) ;
#1562 = LINE ( 'NONE', #1071, #2213 ) ;
#1563 = CIRCLE ( 'NONE', #2957, 8.000000000000014211 ) ;
#1564 = CARTESIAN_POINT ( 'NONE',  ( 51.99999999999998579, 1.500000000000000000, -51.99999999999998579 ) ) ;
#1565 = EDGE_LOOP ( 'NONE', ( #1881, #2901, #63, #220 ) ) ;
#1566 = LINE ( 'NONE', #1322, #432 ) ;
#1567 = ORIENTED_EDGE ( 'NONE', *, *, #2619, .F. ) ;
#1568 = LINE ( 'NONE', #2598, #1301 ) ;
#1569 = EDGE_LOOP ( 'NONE', ( #1047, #90, #479, #539 ) ) ;
#1570 = DIRECTION ( 'NONE',  ( 0.000000000000000000, 0.000000000000000000, 1.000000000000000000 ) ) ;
#1571 = DIRECTION ( 'NONE',  ( -0.000000000000000000, -1.000000000000000000, -0.000000000000000000 ) ) ;
#1572 = ADVANCED_FACE ( 'NONE', ( #2762 ), #537, .F. ) ;
#1573 = VERTEX_POINT ( 'NONE', #472 ) ;
#1574 = CYLINDRICAL_SURFACE ( 'NONE', #2786, 31.75000000000000000 ) ;
#1575 = DIRECTION ( 'NONE',  ( 0.7071067811865463515, 0.000000000000000000, -0.7071067811865487940 ) ) ;
#1576 = EDGE_CURVE ( 'NONE', #736, #1126, #503, .T. ) ;
#1577 = ORIENTED_EDGE ( 'NONE', *, *, #1459, .F. ) ;
#1578 = CARTESIAN_POINT ( 'NONE',  ( -40.26973118857388556, 1.500000000000000000, -38.92622830431945147 ) ) ;
#1579 = ORIENTED_EDGE ( 'NONE', *, *, #2562, .T. ) ;
#1580 = CYLINDRICAL_SURFACE ( 'NONE', #662, 39.25000000000000000 ) ;
#1581 = ORIENTED_EDGE ( 'NONE', *, *, #2575, .F. ) ;
#1582 = LINE ( 'NONE', #2066, #1650 ) ;
#1583 = PLANE ( 'NONE',  #824 ) ;
#1584 = EDGE_LOOP ( 'NONE', ( #2394, #1176, #1042, #2614 ) ) ;
#1585 = EDGE_CURVE ( 'NONE', #3074, #383, #2468, .T. ) ;
#1586 = CARTESIAN_POINT ( 'NONE',  ( 0.000000000000000000, 1.500000000000000000, 0.000000000000000000 ) ) ;
#1587 = DIRECTION ( 'NONE',  ( 0.7071067811865474617, 0.000000000000000000, -0.7071067811865474617 ) ) ;
#1588 = ORIENTED_EDGE ( 'NONE', *, *, #2558, .T. ) ;
#1589 = EDGE_CURVE ( 'NONE', #672, #2766, #2699, .T. ) ;
#1590 = DIRECTION ( 'NONE',  ( 0.000000000000000000, 0.000000000000000000, 1.000000000000000000 ) ) ;
#1591 = ORIENTED_EDGE ( 'NONE', *, *, #160, .T. ) ;
#1592 = DIRECTION ( 'NONE',  ( 0.000000000000000000, 0.000000000000000000, -1.000000000000000000 ) ) ;
#1593 = ORIENTED_EDGE ( 'NONE', *, *, #3122, .T. ) ;
#1594 = VECTOR ( 'NONE', #211, 1000.000000000000114 ) ;
#1595 = CARTESIAN_POINT ( 'NONE',  ( 51.99999999999998579, 1.500000000000000000, 54.75000000000000000 ) ) ;
#1596 = FACE_OUTER_BOUND ( 'NONE', #2804, .T. ) ;
#1597 = CIRCLE ( 'NONE', #714, 48.25000000000000000 ) ;
#1598 = DIRECTION ( 'NONE',  ( -0.000000000000000000, -1.000000000000000000, -0.000000000000000000 ) ) ;
#1599 = AXIS2_PLACEMENT_3D ( 'NONE', #768, #1039, #1813 ) ;
#1600 = ORIENTED_EDGE ( 'NONE', *, *, #2026, .F. ) ;
#1601 = CIRCLE ( 'NONE', #2739, 31.75000000000000000 ) ;
#1602 = FACE_OUTER_BOUND ( 'NONE', #2722, .T. ) ;
#1603 = CARTESIAN_POINT ( 'NONE',  ( -51.99999999999998579, 1.500000000000000000, 53.74999999999997158 ) ) ;
#1604 = DIRECTION ( 'NONE',  ( 0.000000000000000000, 0.000000000000000000, -1.000000000000000000 ) ) ;
#1605 = AXIS2_PLACEMENT_3D ( 'NONE', #2921, #3121, #1776 ) ;
#1606 = ORIENTED_EDGE ( 'NONE', *, *, #1823, .F. ) ;
#1607 = FACE_OUTER_BOUND ( 'NONE', #1914, .T. ) ;
#1608 = VECTOR ( 'NONE', #3036, 1000.000000000000000 ) ;
#1609 = EDGE_CURVE ( 'NONE', #1215, #760, #2504, .T. ) ;
#1610 = VECTOR ( 'NONE', #2413, 1000.000000000000114 ) ;
#1611 = ORIENTED_EDGE ( 'NONE', *, *, #1053, .F. ) ;
#1612 = FACE_OUTER_BOUND ( 'NONE', #2711, .T. ) ;
#1613 = EDGE_CURVE ( 'NONE', #760, #1856, #3104, .T. ) ;
#1614 = ORIENTED_EDGE ( 'NONE', *, *, #2391, .F. ) ;
#1615 = ORIENTED_EDGE ( 'NONE', *, *, #1155, .T. ) ;
#1616 = PLANE ( 'NONE',  #505 ) ;
#1617 = CARTESIAN_POINT ( 'NONE',  ( 0.000000000000000000, 1.500000000000000000, 0.000000000000000000 ) ) ;
#1618 = ORIENTED_EDGE ( 'NONE', *, *, #2977, .F. ) ;
#1619 = CARTESIAN_POINT ( 'NONE',  ( 52.00000000000000000, 1.500000000000000000, 60.00000000000000000 ) ) ;
#1620 = DIRECTION ( 'NONE',  ( -0.000000000000000000, -1.000000000000000000, -0.000000000000000000 ) ) ;
#1621 = CARTESIAN_POINT ( 'NONE',  ( -38.92622830431944436, 1.500000000000000000, 40.26973118857388556 ) ) ;
#1622 = PRODUCT ( 'Delta_12025_Fan_Guard', 'Delta_12025_Fan_Guard', '', ( #3189 ) ) ;
#1623 = ORIENTED_EDGE ( 'NONE', *, *, #2914, .T. ) ;
#1624 = CARTESIAN_POINT ( 'NONE',  ( -51.99999999999998579, 1.500000000000000000, -50.24999999999999289 ) ) ;
#1625 = VERTEX_POINT ( 'NONE', #2488 ) ;
#1626 = ADVANCED_FACE ( 'NONE', ( #1313 ), #2577, .F. ) ;
#1627 = DIRECTION ( 'NONE',  ( 0.000000000000000000, 0.000000000000000000, 1.000000000000000000 ) ) ;
#1628 = VECTOR ( 'NONE', #3222, 1000.000000000000000 ) ;
#1629 = ORIENTED_EDGE ( 'NONE', *, *, #1115, .F. ) ;
#1630 = LINE ( 'NONE', #384, #380 ) ;
#1631 = EDGE_CURVE ( 'NONE', #742, #1281, #2381, .T. ) ;
#1632 = CARTESIAN_POINT ( 'NONE',  ( 0.000000000000000000, 1.500000000000000000, 0.000000000000000000 ) ) ;
#1633 = CARTESIAN_POINT ( 'NONE',  ( 51.99999999999998579, 0.000000000000000000, -54.75000000000000000 ) ) ;
#1634 = ORIENTED_EDGE ( 'NONE', *, *, #613, .T. ) ;
#1635 = DIRECTION ( 'NONE',  ( -0.000000000000000000, -1.000000000000000000, -0.000000000000000000 ) ) ;
#1636 = DIRECTION ( 'NONE',  ( -0.7071067811865512365, 0.000000000000000000, -0.7071067811865439090 ) ) ;
#1637 = DIRECTION ( 'NONE',  ( -0.000000000000000000, -1.000000000000000000, -0.000000000000000000 ) ) ;
#1638 = ORIENTED_EDGE ( 'NONE', *, *, #570, .T. ) ;
#1639 = CARTESIAN_POINT ( 'NONE',  ( -40.26973118857388556, 1.500000000000000000, -38.92622830431945147 ) ) ;
#1640 = VERTEX_POINT ( 'NONE', #1325 ) ;
#1641 = DIRECTION ( 'NONE',  ( 0.000000000000000000, 1.000000000000000000, 0.000000000000000000 ) ) ;
#1642 = ORIENTED_EDGE ( 'NONE', *, *, #908, .F. ) ;
#1643 = DIRECTION ( 'NONE',  ( -0.000000000000000000, -0.000000000000000000, -1.000000000000000000 ) ) ;
#1644 = AXIS2_PLACEMENT_3D ( 'NONE', #2954, #2217, #3147 ) ;
#1645 = FACE_OUTER_BOUND ( 'NONE', #1185, .T. ) ;
#1646 = VECTOR ( 'NONE', #936, 1000.000000000000114 ) ;
#1647 = EDGE_CURVE ( 'NONE', #1399, #28, #1601, .T. ) ;
#1648 = EDGE_LOOP ( 'NONE', ( #1111, #2388, #243, #238 ) ) ;
#1649 = LINE ( 'NONE', #2194, #1646 ) ;
#1650 = VECTOR ( 'NONE', #2809, 1000.000000000000000 ) ;
#1651 = CARTESIAN_POINT ( 'NONE',  ( 38.92622830431945147, 0.000000000000000000, -40.26973118857389267 ) ) ;
#1652 = DIRECTION ( 'NONE',  ( 0.7071067811865513475, 0.000000000000000000, 0.7071067811865436870 ) ) ;
#1653 = ADVANCED_FACE ( 'NONE', ( #351 ), #1834, .F. ) ;
#1654 = AXIS2_PLACEMENT_3D ( 'NONE', #926, #1917, #1456 ) ;
#1655 = ORIENTED_EDGE ( 'NONE', *, *, #1867, .T. ) ;
#1656 = LINE ( 'NONE', #2151, #553 ) ;
#1657 = VECTOR ( 'NONE', #2177, 1000.000000000000000 ) ;
#1658 = AXIS2_PLACEMENT_3D ( 'NONE', #723, #1414, #1211 ) ;
#1659 = VERTEX_POINT ( 'NONE', #122 ) ;
#1660 = VECTOR ( 'NONE', #679, 1000.000000000000000 ) ;
#1661 = CARTESIAN_POINT ( 'NONE',  ( 35.84389951414567577, 1.500000000000000000, -34.50039662989149747 ) ) ;
#1662 = AXIS2_PLACEMENT_3D ( 'NONE', #1670, #2148, #2430 ) ;
#1663 = EDGE_LOOP ( 'NONE', ( #1515, #1094 ) ) ;
#1664 = FACE_BOUND ( 'NONE', #101, .T. ) ;
#1665 = ORIENTED_EDGE ( 'NONE', *, *, #1846, .F. ) ;
#1666 = EDGE_LOOP ( 'NONE', ( #2774, #2143, #1831, #33 ) ) ;
#1667 = DIRECTION ( 'NONE',  ( 0.000000000000000000, 0.000000000000000000, -1.000000000000000000 ) ) ;
#1668 = DIRECTION ( 'NONE',  ( -0.000000000000000000, -0.000000000000000000, -1.000000000000000000 ) ) ;
#1669 = ADVANCED_FACE ( 'NONE', ( #76 ), #2293, .T. ) ;
#1670 = CARTESIAN_POINT ( 'NONE',  ( 0.000000000000000000, 0.000000000000000000, 0.000000000000000000 ) ) ;
#1671 = VERTEX_POINT ( 'NONE', #1551 ) ;
#1672 = CARTESIAN_POINT ( 'NONE',  ( -38.92622830431944436, 0.000000000000000000, 40.26973118857388556 ) ) ;
#1673 = EDGE_CURVE ( 'NONE', #1084, #1271, #1568, .T. ) ;
#1674 = FACE_OUTER_BOUND ( 'NONE', #2175, .T. ) ;
#1675 = ORIENTED_EDGE ( 'NONE', *, *, #2178, .F. ) ;
#1676 = CARTESIAN_POINT ( 'NONE',  ( 40.26973118857387846, 1.500000000000000000, 38.92622830431944436 ) ) ;
#1677 = EDGE_LOOP ( 'NONE', ( #2233, #1579, #2055, #267 ) ) ;
#1678 = DIRECTION ( 'NONE',  ( 0.000000000000000000, 1.000000000000000000, 0.000000000000000000 ) ) ;
#1679 = CARTESIAN_POINT ( 'NONE',  ( -40.26973118857388556, 0.000000000000000000, -38.92622830431945147 ) ) ;
#1680 = ORIENTED_EDGE ( 'NONE', *, *, #424, .F. ) ;
#1681 = CARTESIAN_POINT ( 'NONE',  ( 40.26973118857376477, 0.000000000000000000, -38.92622830431958647 ) ) ;
#1682 = DIRECTION ( 'NONE',  ( 0.7071067811865513475, 0.000000000000000000, 0.7071067811865436870 ) ) ;
#1683 = DIRECTION ( 'NONE',  ( -0.7071067811865462405, 0.000000000000000000, 0.7071067811865487940 ) ) ;
#1684 = EDGE_CURVE ( 'NONE', #885, #261, #1192, .T. ) ;
#1685 = ORIENTED_EDGE ( 'NONE', *, *, #1585, .F. ) ;
#1686 = DIRECTION ( 'NONE',  ( 0.000000000000000000, 0.000000000000000000, -1.000000000000000000 ) ) ;
#1687 = CARTESIAN_POINT ( 'NONE',  ( 0.000000000000000000, 0.000000000000000000, 0.000000000000000000 ) ) ;
#1688 = EDGE_CURVE ( 'NONE', #2228, #571, #2552, .T. ) ;
#1689 = VERTEX_POINT ( 'NONE', #1791 ) ;
#1690 = DIRECTION ( 'NONE',  ( 0.000000000000000000, 0.000000000000000000, -1.000000000000000000 ) ) ;
#1691 = EDGE_CURVE ( 'NONE', #2101, #1116, #1096, .T. ) ;
#1692 = ORIENTED_EDGE ( 'NONE', *, *, #712, .F. ) ;
#1693 = FACE_BOUND ( 'NONE', #536, .T. ) ;
#1694 =( LENGTH_UNIT ( ) NAMED_UNIT ( * ) SI_UNIT ( .MILLI., .METRE. ) );
#1695 = ORIENTED_EDGE ( 'NONE', *, *, #2344, .F. ) ;
#1696 = DIRECTION ( 'NONE',  ( -0.000000000000000000, -1.000000000000000000, -0.000000000000000000 ) ) ;
#1697 = CARTESIAN_POINT ( 'NONE',  ( -28.41756193668657815, 0.000000000000000000, 27.07405905243213340 ) ) ;
#1698 = VECTOR ( 'NONE', #793, 1000.000000000000000 ) ;
#1699 = DIRECTION ( 'NONE',  ( 0.000000000000000000, 1.000000000000000000, 0.000000000000000000 ) ) ;
#1700 = VERTEX_POINT ( 'NONE', #1337 ) ;
#1701 = AXIS2_PLACEMENT_3D ( 'NONE', #1816, #82, #603 ) ;
#1702 = DIRECTION ( 'NONE',  ( -0.000000000000000000, -1.000000000000000000, -0.000000000000000000 ) ) ;
#1703 = PLANE ( 'NONE',  #1765 ) ;
#1704 = VECTOR ( 'NONE', #749, 1000.000000000000000 ) ;
#1705 = ORIENTED_EDGE ( 'NONE', *, *, #908, .T. ) ;
#1706 = AXIS2_PLACEMENT_3D ( 'NONE', #2379, #324, #112 ) ;
#1707 = CARTESIAN_POINT ( 'NONE',  ( 52.00000000000000000, 0.000000000000000000, 60.00000000000000000 ) ) ;
#1708 = AXIS2_PLACEMENT_3D ( 'NONE', #552, #2564, #1592 ) ;
#1709 = CARTESIAN_POINT ( 'NONE',  ( -27.07405905243215472, 0.000000000000000000, 28.41756193668656039 ) ) ;
#1710 = ADVANCED_FACE ( 'NONE', ( #1612 ), #856, .F. ) ;
#1711 = VECTOR ( 'NONE', #1939, 1000.000000000000000 ) ;
#1712 = VERTEX_POINT ( 'NONE', #1822 ) ;
#1713 = CARTESIAN_POINT ( 'NONE',  ( 38.92622830431945147, 0.000000000000000000, -40.26973118857389267 ) ) ;
#1714 = ADVANCED_FACE ( 'NONE', ( #1356 ), #1108, .F. ) ;
#1715 = CARTESIAN_POINT ( 'NONE',  ( 60.00000000000000000, 1.500000000000000000, -52.00000000000000000 ) ) ;
#1716 = ORIENTED_EDGE ( 'NONE', *, *, #2520, .F. ) ;
#1717 = LINE ( 'NONE', #949, #2992 ) ;
#1718 = DIRECTION ( 'NONE',  ( 0.000000000000000000, 0.000000000000000000, -1.000000000000000000 ) ) ;
#1719 = ORIENTED_EDGE ( 'NONE', *, *, #1972, .T. ) ;
#1720 = CARTESIAN_POINT ( 'NONE',  ( -28.13501859548721384, 1.500000000000000000, 29.47852147974162307 ) ) ;
#1721 = CARTESIAN_POINT ( 'NONE',  ( -60.00000000000000000, 0.000000000000000000, -52.00000000000000000 ) ) ;
#1722 = VECTOR ( 'NONE', #1054, 1000.000000000000000 ) ;
#1723 = ORIENTED_EDGE ( 'NONE', *, *, #3022, .F. ) ;
#1724 = DIRECTION ( 'NONE',  ( 0.000000000000000000, -0.000000000000000000, -1.000000000000000000 ) ) ;
#1725 = PLANE ( 'NONE',  #2387 ) ;
#1726 = VERTEX_POINT ( 'NONE', #2792 ) ;
#1727 = ADVANCED_FACE ( 'NONE', ( #321 ), #1370, .F. ) ;
#1728 = DIRECTION ( 'NONE',  ( -0.000000000000000000, -1.000000000000000000, -0.000000000000000000 ) ) ;
#1729 = CLOSED_SHELL ( 'NONE', ( #3158, #3119, #1626, #2680, #2139, #1223, #2493, #2714, #651, #3070, #2795, #531, #387, #670, #1352, #852, #414, #857, #1727, #631, #695, #2368, #773, #2242, #2677, #1735, #1653, #894, #1264, #590, #228, #1922, #1464, #88, #622, #3224, #1095, #2599, #311, #2615, #3098, #1710, #2245, #836, #1478, #2756, #492, #1436, #1079, #1927, #2864, #2643, #1572, #1747, #2355, #1774, #2498, #2283, #454, #1827, #2299, #2545, #3078, #3116, #280, #2401, #2698, #513, #252, #151, #951, #316, #1243 ) ) ;
#1730 = PERSON_AND_ORGANIZATION_ROLE ( 'classification_officer' ) ;
#1731 = EDGE_CURVE ( 'NONE', #2770, #1362, #1038, .T. ) ;
#1732 = VERTEX_POINT ( 'NONE', #2836 ) ;
#1733 = CARTESIAN_POINT ( 'NONE',  ( 38.92622830431945147, 0.000000000000000000, -40.26973118857389267 ) ) ;
#1734 = CARTESIAN_POINT ( 'NONE',  ( -38.92622830431944436, 1.500000000000000000, 40.26973118857388556 ) ) ;
#1735 = ADVANCED_FACE ( 'NONE', ( #616 ), #1580, .F. ) ;
#1736 = ORIENTED_EDGE ( 'NONE', *, *, #1376, .F. ) ;
#1737 = CARTESIAN_POINT ( 'NONE',  ( -60.00000000000000000, 0.000000000000000000, 52.00000000000000000 ) ) ;
#1738 = DIRECTION ( 'NONE',  ( 0.000000000000000000, 1.000000000000000000, 0.000000000000000000 ) ) ;
#1739 = ORIENTED_EDGE ( 'NONE', *, *, #2659, .F. ) ;
#1740 = CARTESIAN_POINT ( 'NONE',  ( 0.000000000000000000, 1.500000000000000000, 0.000000000000000000 ) ) ;
#1741 = DIRECTION ( 'NONE',  ( 0.7071067811865474617, 0.000000000000000000, 0.7071067811865474617 ) ) ;
#1742 = ORIENTED_EDGE ( 'NONE', *, *, #2063, .T. ) ;
#1743 = DIRECTION ( 'NONE',  ( -0.000000000000000000, -1.000000000000000000, -0.000000000000000000 ) ) ;
#1744 = ORIENTED_EDGE ( 'NONE', *, *, #1494, .F. ) ;
#1745 = DIRECTION ( 'NONE',  ( 0.000000000000000000, 0.000000000000000000, -1.000000000000000000 ) ) ;
#1746 = DIRECTION ( 'NONE',  ( 0.000000000000000000, 0.000000000000000000, 1.000000000000000000 ) ) ;
#1747 = ADVANCED_FACE ( 'NONE', ( #1174 ), #2613, .F. ) ;
#1748 = EDGE_LOOP ( 'NONE', ( #2974, #467, #2103, #1447 ) ) ;
#1749 = CYLINDRICAL_SURFACE ( 'NONE', #815, 40.75000000000000000 ) ;
#1750 = VECTOR ( 'NONE', #971, 1000.000000000000000 ) ;
#1751 = DIRECTION ( 'NONE',  ( -0.000000000000000000, -1.000000000000000000, -0.000000000000000000 ) ) ;
#1752 = EDGE_CURVE ( 'NONE', #2437, #3041, #446, .T. ) ;
#1753 = VECTOR ( 'NONE', #297, 1000.000000000000000 ) ;
#1754 = ORIENTED_EDGE ( 'NONE', *, *, #1260, .F. ) ;
#1755 = CARTESIAN_POINT ( 'NONE',  ( 28.13501859548719608, 1.500000000000000000, -29.47852147974164083 ) ) ;
#1756 = CARTESIAN_POINT ( 'NONE',  ( 0.000000000000000000, 1.500000000000000000, 0.000000000000000000 ) ) ;
#1757 = AXIS2_PLACEMENT_3D ( 'NONE', #244, #2234, #1526 ) ;
#1758 = ORIENTED_EDGE ( 'NONE', *, *, #1884, .T. ) ;
#1759 = AXIS2_PLACEMENT_3D ( 'NONE', #879, #430, #3102 ) ;
#1760 = LINE ( 'NONE', #1051, #3152 ) ;
#1761 = VECTOR ( 'NONE', #2891, 1000.000000000000000 ) ;
#1762 = AXIS2_PLACEMENT_3D ( 'NONE', #1118, #2622, #1890 ) ;
#1763 = PERSON_AND_ORGANIZATION ( #546, #348 ) ;
#1764 = ORIENTED_EDGE ( 'NONE', *, *, #579, .F. ) ;
#1765 = AXIS2_PLACEMENT_3D ( 'NONE', #973, #942, #2451 ) ;
#1766 = CARTESIAN_POINT ( 'NONE',  ( 28.41756193668651775, 0.000000000000000000, 27.07405905243220090 ) ) ;
#1767 = LINE ( 'NONE', #1302, #873 ) ;
#1768 = VECTOR ( 'NONE', #1940, 1000.000000000000000 ) ;
#1769 = VERTEX_POINT ( 'NONE', #399 ) ;
#1770 = EDGE_CURVE ( 'NONE', #2253, #1879, #1558, .T. ) ;
#1771 = LINE ( 'NONE', #2783, #1803 ) ;
#1772 = FACE_OUTER_BOUND ( 'NONE', #1748, .T. ) ;
#1773 = ORIENTED_EDGE ( 'NONE', *, *, #1297, .T. ) ;
#1774 = ADVANCED_FACE ( 'NONE', ( #2138 ), #3134, .F. ) ;
#1775 = LINE ( 'NONE', #255, #2874 ) ;
#1776 = DIRECTION ( 'NONE',  ( 0.000000000000000000, 0.000000000000000000, 1.000000000000000000 ) ) ;
#1777 = VERTEX_POINT ( 'NONE', #2664 ) ;
#1778 = DIRECTION ( 'NONE',  ( 0.7071067811865513475, 0.000000000000000000, 0.7071067811865436870 ) ) ;
#1779 = VERTEX_POINT ( 'NONE', #697 ) ;
#1780 = FACE_BOUND ( 'NONE', #1492, .T. ) ;
#1781 = EDGE_CURVE ( 'NONE', #2150, #1769, #2791, .T. ) ;
#1782 = CARTESIAN_POINT ( 'NONE',  ( 20.70767792350400427, 0.000000000000000000, 22.05118080775777756 ) ) ;
#1783 = VERTEX_POINT ( 'NONE', #2869 ) ;
#1784 = DIRECTION ( 'NONE',  ( 0.000000000000000000, 0.000000000000000000, -1.000000000000000000 ) ) ;
#1785 = CYLINDRICAL_SURFACE ( 'NONE', #1970, 2.750000000000016431 ) ;
#1786 = ORIENTED_EDGE ( 'NONE', *, *, #353, .T. ) ;
#1787 = LINE ( 'NONE', #2513, #1029 ) ;
#1788 = DIRECTION ( 'NONE',  ( -0.7071067811865512365, 0.000000000000000000, -0.7071067811865439090 ) ) ;
#1789 = EDGE_CURVE ( 'NONE', #159, #3123, #1964, .T. ) ;
#1790 = ORIENTED_EDGE ( 'NONE', *, *, #676, .T. ) ;
#1791 = CARTESIAN_POINT ( 'NONE',  ( 60.00000000000000000, 1.500000000000000000, -52.00000000000000000 ) ) ;
#1792 = DATE_AND_TIME ( #783, #2016 ) ;
#1793 = CC_DESIGN_PERSON_AND_ORGANIZATION_ASSIGNMENT ( #1763, #1052, ( #1622 ) ) ;
#1794 = VERTEX_POINT ( 'NONE', #2649 ) ;
#1795 = DIRECTION ( 'NONE',  ( 0.000000000000000000, 1.000000000000000000, 0.000000000000000000 ) ) ;
#1796 = DIRECTION ( 'NONE',  ( 0.000000000000000000, 0.000000000000000000, 1.000000000000000000 ) ) ;
#1797 = ORIENTED_EDGE ( 'NONE', *, *, #1204, .T. ) ;
#1798 = CARTESIAN_POINT ( 'NONE',  ( 0.000000000000000000, 1.500000000000000000, -22.00000000000000000 ) ) ;
#1799 = DIRECTION ( 'NONE',  ( 0.000000000000000000, 1.000000000000000000, 0.000000000000000000 ) ) ;
#1800 = EDGE_LOOP ( 'NONE', ( #381, #1961, #2190, #2160 ) ) ;
#1801 = VECTOR ( 'NONE', #3118, 1000.000000000000000 ) ;
#1802 = CARTESIAN_POINT ( 'NONE',  ( -23.11233966971153464, 1.500000000000000000, -21.76883678545728174 ) ) ;
#1803 = VECTOR ( 'NONE', #278, 1000.000000000000000 ) ;
#1804 = ORIENTED_EDGE ( 'NONE', *, *, #2460, .T. ) ;
#1805 = AXIS2_PLACEMENT_3D ( 'NONE', #540, #525, #1021 ) ;
#1806 = ADVANCED_FACE ( 'NONE', ( #382 ), #2372, .F. ) ;
#1807 = CARTESIAN_POINT ( 'NONE',  ( -51.99999999999998579, 1.500000000000000000, 51.99999999999998579 ) ) ;
#1808 = AXIS2_PLACEMENT_3D ( 'NONE', #1632, #930, #1410 ) ;
#1809 = EDGE_LOOP ( 'NONE', ( #2024, #166, #1385, #1433 ) ) ;
#1810 = AXIS2_PLACEMENT_3D ( 'NONE', #2635, #193, #2701 ) ;
#1811 = EDGE_CURVE ( 'NONE', #2597, #2612, #346, .T. ) ;
#1812 = CARTESIAN_POINT ( 'NONE',  ( -40.26973118857388556, 1.500000000000000000, -38.92622830431945147 ) ) ;
#1813 = DIRECTION ( 'NONE',  ( 0.000000000000000000, 0.000000000000000000, 1.000000000000000000 ) ) ;
#1814 = VECTOR ( 'NONE', #1682, 1000.000000000000000 ) ;
#1815 = ORIENTED_EDGE ( 'NONE', *, *, #13, .F. ) ;
#1816 = CARTESIAN_POINT ( 'NONE',  ( 0.000000000000000000, 0.000000000000000000, 0.000000000000000000 ) ) ;
#1817 = CIRCLE ( 'NONE', #2231, 30.25000000000000000 ) ;
#1818 = DIRECTION ( 'NONE',  ( 0.7071067811865436870, 0.000000000000000000, -0.7071067811865513475 ) ) ;
#1819 = ORIENTED_EDGE ( 'NONE', *, *, #1494, .T. ) ;
#1820 = CARTESIAN_POINT ( 'NONE',  ( 38.92622830431945147, 1.500000000000000000, -40.26973118857389267 ) ) ;
#1821 = ORIENTED_EDGE ( 'NONE', *, *, #3018, .F. ) ;
#1822 = CARTESIAN_POINT ( 'NONE',  ( -34.50039662989136247, 1.500000000000000000, 35.84389951414579656 ) ) ;
#1823 = EDGE_CURVE ( 'NONE', #2455, #2852, #2418, .T. ) ;
#1824 = DIRECTION ( 'NONE',  ( 0.000000000000000000, 1.000000000000000000, 0.000000000000000000 ) ) ;
#1825 = LINE ( 'NONE', #309, #2272 ) ;
#1826 = FACE_OUTER_BOUND ( 'NONE', #999, .T. ) ;
#1827 = ADVANCED_FACE ( 'NONE', ( #2906 ), #644, .F. ) ;
#1828 = ORIENTED_EDGE ( 'NONE', *, *, #1770, .F. ) ;
#1829 = FACE_OUTER_BOUND ( 'NONE', #1268, .T. ) ;
#1830 = DIRECTION ( 'NONE',  ( 0.7071067811865436870, 0.000000000000000000, -0.7071067811865513475 ) ) ;
#1831 = ORIENTED_EDGE ( 'NONE', *, *, #2760, .T. ) ;
#1832 = CARTESIAN_POINT ( 'NONE',  ( -51.99999999999998579, 1.500000000000000000, -51.99999999999998579 ) ) ;
#1833 = ORIENTED_EDGE ( 'NONE', *, *, #2320, .T. ) ;
#1834 = CYLINDRICAL_SURFACE ( 'NONE', #985, 39.25000000000000000 ) ;
#1835 = ORIENTED_EDGE ( 'NONE', *, *, #2460, .F. ) ;
#1836 = LINE ( 'NONE', #1852, #2034 ) ;
#1837 = CYLINDRICAL_SURFACE ( 'NONE', #1905, 31.75000000000000000 ) ;
#1838 = CARTESIAN_POINT ( 'NONE',  ( -38.92622830431944436, 1.500000000000000000, 40.26973118857388556 ) ) ;
#1839 = VERTEX_POINT ( 'NONE', #171 ) ;
#1840 = FACE_OUTER_BOUND ( 'NONE', #1233, .T. ) ;
#1841 = CARTESIAN_POINT ( 'NONE',  ( 38.92622830431945147, 1.500000000000000000, -40.26973118857389267 ) ) ;
#1842 = EDGE_CURVE ( 'NONE', #2881, #2455, #2172, .T. ) ;
#1843 = CARTESIAN_POINT ( 'NONE',  ( 0.000000000000000000, 1.500000000000000000, 0.000000000000000000 ) ) ;
#1844 = ORIENTED_EDGE ( 'NONE', *, *, #691, .F. ) ;
#1845 = LINE ( 'NONE', #3132, #917 ) ;
#1846 = EDGE_CURVE ( 'NONE', #128, #104, #2853, .T. ) ;
#1847 = EDGE_LOOP ( 'NONE', ( #2740, #804, #2052, #1723 ) ) ;
#1848 = DIRECTION ( 'NONE',  ( 0.000000000000000000, 1.000000000000000000, 0.000000000000000000 ) ) ;
#1849 = AXIS2_PLACEMENT_3D ( 'NONE', #231, #1543, #1784 ) ;
#1850 = ORIENTED_EDGE ( 'NONE', *, *, #2773, .T. ) ;
#1851 = VECTOR ( 'NONE', #2146, 1000.000000000000114 ) ;
#1852 = CARTESIAN_POINT ( 'NONE',  ( 33.43953701199013295, 1.500000000000000000, -34.78303989624458126 ) ) ;
#1853 = CARTESIAN_POINT ( 'NONE',  ( -60.00000000000000000, 1.500000000000000000, 52.00000000000000000 ) ) ;
#1854 = AXIS2_PLACEMENT_3D ( 'NONE', #1899, #2408, #1461 ) ;
#1855 = DIRECTION ( 'NONE',  ( 0.7071067811865436870, 0.000000000000000000, -0.7071067811865513475 ) ) ;
#1856 = VERTEX_POINT ( 'NONE', #1661 ) ;
#1857 = CIRCLE ( 'NONE', #455, 31.75000000000000000 ) ;
#1858 = CARTESIAN_POINT ( 'NONE',  ( 38.92622830431945147, 0.000000000000000000, -40.26973118857389267 ) ) ;
#1859 = DIRECTION ( 'NONE',  ( -0.000000000000000000, -1.000000000000000000, -0.000000000000000000 ) ) ;
#1860 = CARTESIAN_POINT ( 'NONE',  ( 38.92622830431945147, 1.500000000000000000, -40.26973118857389267 ) ) ;
#1861 = VECTOR ( 'NONE', #2938, 1000.000000000000000 ) ;
#1862 = EDGE_CURVE ( 'NONE', #2956, #128, #563, .T. ) ;
#1863 = EDGE_LOOP ( 'NONE', ( #1739, #1934, #96, #1894 ) ) ;
#1864 = PLANE ( 'NONE',  #2470 ) ;
#1865 = CIRCLE ( 'NONE', #774, 39.25000000000000000 ) ;
#1866 = ORIENTED_EDGE ( 'NONE', *, *, #347, .T. ) ;
#1867 = EDGE_CURVE ( 'NONE', #2987, #1892, #2224, .T. ) ;
#1868 = VERTEX_POINT ( 'NONE', #3170 ) ;
#1869 = CARTESIAN_POINT ( 'NONE',  ( 0.000000000000000000, 0.000000000000000000, 0.000000000000000000 ) ) ;
#1870 = ORIENTED_EDGE ( 'NONE', *, *, #1459, .T. ) ;
#1871 = DIRECTION ( 'NONE',  ( -0.000000000000000000, -1.000000000000000000, -0.000000000000000000 ) ) ;
#1872 = CARTESIAN_POINT ( 'NONE',  ( 27.07405905243250999, 1.500000000000000000, 28.41756193668621933 ) ) ;
#1873 = CARTESIAN_POINT ( 'NONE',  ( -51.99999999999998579, 1.500000000000000000, -53.74999999999997158 ) ) ;
#1874 = EDGE_CURVE ( 'NONE', #845, #2907, #1857, .T. ) ;
#1875 = ORIENTED_EDGE ( 'NONE', *, *, #574, .T. ) ;
#1876 = DIRECTION ( 'NONE',  ( 0.000000000000000000, 1.000000000000000000, -0.000000000000000000 ) ) ;
#1877 = DIRECTION ( 'NONE',  ( -0.7071067811865512365, 0.000000000000000000, -0.7071067811865439090 ) ) ;
#1878 = DIRECTION ( 'NONE',  ( -0.000000000000000000, -1.000000000000000000, -0.000000000000000000 ) ) ;
#1879 = VERTEX_POINT ( 'NONE', #1932 ) ;
#1880 = DIRECTION ( 'NONE',  ( 0.000000000000000000, 0.000000000000000000, -1.000000000000000000 ) ) ;
#1881 = ORIENTED_EDGE ( 'NONE', *, *, #1499, .F. ) ;
#1882 = CARTESIAN_POINT ( 'NONE',  ( 51.99999999999998579, 1.500000000000000000, 51.99999999999998579 ) ) ;
#1883 = ORIENTED_EDGE ( 'NONE', *, *, #2201, .F. ) ;
#1884 = EDGE_CURVE ( 'NONE', #2392, #3159, #825, .T. ) ;
#1885 = ORIENTED_EDGE ( 'NONE', *, *, #535, .T. ) ;
#1886 = DIRECTION ( 'NONE',  ( -0.000000000000000000, -1.000000000000000000, -0.000000000000000000 ) ) ;
#1887 = LINE ( 'NONE', #668, #1451 ) ;
#1888 = ORIENTED_EDGE ( 'NONE', *, *, #2136, .T. ) ;
#1889 = CARTESIAN_POINT ( 'NONE',  ( 0.000000000000000000, 1.500000000000000000, 0.000000000000000000 ) ) ;
#1890 = DIRECTION ( 'NONE',  ( 0.000000000000000000, 0.000000000000000000, 1.000000000000000000 ) ) ;
#1891 = CARTESIAN_POINT ( 'NONE',  ( -40.26973118857388556, 1.500000000000000000, -38.92622830431945147 ) ) ;
#1892 = VERTEX_POINT ( 'NONE', #1982 ) ;
#1893 = CARTESIAN_POINT ( 'NONE',  ( 38.92622830431945147, 1.500000000000000000, -40.26973118857389267 ) ) ;
#1894 = ORIENTED_EDGE ( 'NONE', *, *, #3093, .F. ) ;
#1895 = DIRECTION ( 'NONE',  ( -0.7071067811865513475, 0.000000000000000000, -0.7071067811865436870 ) ) ;
#1896 = ORIENTED_EDGE ( 'NONE', *, *, #2636, .F. ) ;
#1897 = EDGE_CURVE ( 'NONE', #698, #1769, #2986, .T. ) ;
#1898 = AXIS2_PLACEMENT_3D ( 'NONE', #1122, #2866, #2102 ) ;
#1899 = CARTESIAN_POINT ( 'NONE',  ( 0.000000000000000000, 1.500000000000000000, 0.000000000000000000 ) ) ;
#1900 = LINE ( 'NONE', #1232, #1657 ) ;
#1901 = AXIS2_PLACEMENT_3D ( 'NONE', #2861, #3091, #2085 ) ;
#1902 = EDGE_CURVE ( 'NONE', #2009, #1779, #520, .T. ) ;
#1903 = VERTEX_POINT ( 'NONE', #1245 ) ;
#1904 = DIRECTION ( 'NONE',  ( -0.000000000000000000, -1.000000000000000000, -0.000000000000000000 ) ) ;
#1905 = AXIS2_PLACEMENT_3D ( 'NONE', #2329, #78, #2311 ) ;
#1906 = CARTESIAN_POINT ( 'NONE',  ( 51.99999999999998579, 0.000000000000000000, 51.99999999999998579 ) ) ;
#1907 = CARTESIAN_POINT ( 'NONE',  ( 34.78303989624444625, 1.500000000000000000, -33.43953701199026085 ) ) ;
#1908 = AXIS2_PLACEMENT_3D ( 'NONE', #584, #831, #569 ) ;
#1909 = ORIENTED_EDGE ( 'NONE', *, *, #3140, .T. ) ;
#1910 = CARTESIAN_POINT ( 'NONE',  ( 0.000000000000000000, 1.500000000000000000, 0.000000000000000000 ) ) ;
#1911 = APPROVAL_PERSON_ORGANIZATION ( #2017, #333, #1033 ) ;
#1912 = VECTOR ( 'NONE', #222, 1000.000000000000000 ) ;
#1913 = DIRECTION ( 'NONE',  ( 0.000000000000000000, 1.000000000000000000, 0.000000000000000000 ) ) ;
#1914 = EDGE_LOOP ( 'NONE', ( #2499, #274, #1343, #2839 ) ) ;
#1915 = CIRCLE ( 'NONE', #2279, 40.75000000000000000 ) ;
#1916 = EDGE_CURVE ( 'NONE', #3133, #826, #2189, .T. ) ;
#1917 = DIRECTION ( 'NONE',  ( 0.000000000000000000, 1.000000000000000000, 0.000000000000000000 ) ) ;
#1918 = VECTOR ( 'NONE', #1255, 1000.000000000000000 ) ;
#1919 = EDGE_LOOP ( 'NONE', ( #3047, #618, #1171, #95 ) ) ;
#1920 = CARTESIAN_POINT ( 'NONE',  ( -51.99999999999998579, 1.500000000000000000, 51.99999999999998579 ) ) ;
#1921 = CARTESIAN_POINT ( 'NONE',  ( 60.00000000000000000, 1.500000000000000000, 52.00000000000000000 ) ) ;
#1922 = ADVANCED_FACE ( 'NONE', ( #779 ), #2959, .T. ) ;
#1923 = ORIENTED_EDGE ( 'NONE', *, *, #1158, .T. ) ;
#1924 = DIRECTION ( 'NONE',  ( -0.7071067811865513475, 0.000000000000000000, -0.7071067811865436870 ) ) ;
#1925 = DIRECTION ( 'NONE',  ( -0.000000000000000000, -1.000000000000000000, -0.000000000000000000 ) ) ;
#1926 = DIRECTION ( 'NONE',  ( 0.7071067811865513475, 0.000000000000000000, 0.7071067811865436870 ) ) ;
#1927 = ADVANCED_FACE ( 'NONE', ( #2759 ), #1725, .F. ) ;
#1928 = VERTEX_POINT ( 'NONE', #1709 ) ;
#1929 = CYLINDRICAL_SURFACE ( 'NONE', #237, 58.00000000000000000 ) ;
#1930 = DIRECTION ( 'NONE',  ( 0.000000000000000000, 0.000000000000000000, 1.000000000000000000 ) ) ;
#1931 = ORIENTED_EDGE ( 'NONE', *, *, #767, .F. ) ;
#1932 = CARTESIAN_POINT ( 'NONE',  ( 16.21359013643869318, 0.000000000000000000, -14.87008725218443850 ) ) ;
#1933 = ORIENTED_EDGE ( 'NONE', *, *, #2831, .F. ) ;
#1934 = ORIENTED_EDGE ( 'NONE', *, *, #74, .T. ) ;
#1935 = FACE_BOUND ( 'NONE', #2905, .T. ) ;
#1936 = CARTESIAN_POINT ( 'NONE',  ( 29.47852147974158044, 1.500000000000000000, 28.13501859548726003 ) ) ;
#1937 = VERTEX_POINT ( 'NONE', #3223 ) ;
#1938 = CYLINDRICAL_SURFACE ( 'NONE', #502, 58.00000000000000000 ) ;
#1939 = DIRECTION ( 'NONE',  ( -0.000000000000000000, -1.000000000000000000, -0.000000000000000000 ) ) ;
#1940 = DIRECTION ( 'NONE',  ( -0.000000000000000000, -1.000000000000000000, -0.000000000000000000 ) ) ;
#1941 = ORIENTED_EDGE ( 'NONE', *, *, #2777, .T. ) ;
#1942 = ADVANCED_FACE ( 'NONE', ( #1263 ), #1214, .F. ) ;
#1943 = CARTESIAN_POINT ( 'NONE',  ( 34.78303989624445336, 0.000000000000000000, -33.43953701199026796 ) ) ;
#1944 = DIRECTION ( 'NONE',  ( -0.000000000000000000, -1.000000000000000000, -0.000000000000000000 ) ) ;
#1945 = VERTEX_POINT ( 'NONE', #269 ) ;
#1946 = EDGE_CURVE ( 'NONE', #2106, #892, #2710, .T. ) ;
#1947 = CARTESIAN_POINT ( 'NONE',  ( 20.70767792350365610, 1.500000000000000000, -22.05118080775810085 ) ) ;
#1948 = CARTESIAN_POINT ( 'NONE',  ( -29.47852147974164083, 1.500000000000000000, 28.13501859548719608 ) ) ;
#1949 = ORIENTED_EDGE ( 'NONE', *, *, #2079, .F. ) ;
#1950 = DIRECTION ( 'NONE',  ( -0.000000000000000000, -1.000000000000000000, -0.000000000000000000 ) ) ;
#1951 = ORIENTED_EDGE ( 'NONE', *, *, #2303, .T. ) ;
#1952 = DIRECTION ( 'NONE',  ( 0.000000000000000000, 0.000000000000000000, 1.000000000000000000 ) ) ;
#1953 = FACE_OUTER_BOUND ( 'NONE', #2405, .T. ) ;
#1954 = VECTOR ( 'NONE', #2736, 1000.000000000000000 ) ;
#1955 = CYLINDRICAL_SURFACE ( 'NONE', #2591, 22.00000000000000000 ) ;
#1956 = EDGE_LOOP ( 'NONE', ( #1629, #2551, #1355, #899 ) ) ;
#1957 = FACE_OUTER_BOUND ( 'NONE', #2726, .T. ) ;
#1958 = PLANE ( 'NONE',  #2587 ) ;
#1959 = VECTOR ( 'NONE', #158, 1000.000000000000000 ) ;
#1960 = EDGE_CURVE ( 'NONE', #2009, #2018, #2538, .T. ) ;
#1961 = ORIENTED_EDGE ( 'NONE', *, *, #1357, .T. ) ;
#1962 = VECTOR ( 'NONE', #2653, 1000.000000000000000 ) ;
#1963 = DIRECTION ( 'NONE',  ( -0.000000000000000000, -1.000000000000000000, -0.000000000000000000 ) ) ;
#1964 = CIRCLE ( 'NONE', #612, 49.75000000000000711 ) ;
#1965 = CARTESIAN_POINT ( 'NONE',  ( 0.000000000000000000, 1.500000000000000000, 0.000000000000000000 ) ) ;
#1966 = EDGE_CURVE ( 'NONE', #745, #1640, #2973, .T. ) ;
#1967 = AXIS2_PLACEMENT_3D ( 'NONE', #3193, #3144, #178 ) ;
#1968 = VERTEX_POINT ( 'NONE', #1028 ) ;
#1969 = CARTESIAN_POINT ( 'NONE',  ( -60.00000000000000000, 1.500000000000000000, -52.00000000000000000 ) ) ;
#1970 = AXIS2_PLACEMENT_3D ( 'NONE', #1564, #8, #2755 ) ;
#1971 = COORDINATED_UNIVERSAL_TIME_OFFSET ( 8, 0, .AHEAD. ) ;
#1972 = EDGE_CURVE ( 'NONE', #787, #1288, #2584, .T. ) ;
#1973 = ORIENTED_EDGE ( 'NONE', *, *, #1002, .F. ) ;
#1974 = CARTESIAN_POINT ( 'NONE',  ( 22.05118080775799427, 1.500000000000000000, -20.70767792350375913 ) ) ;
#1975 = CYLINDRICAL_SURFACE ( 'NONE', #671, 8.000000000000014211 ) ;
#1976 = VERTEX_POINT ( 'NONE', #256 ) ;
#1977 = FACE_OUTER_BOUND ( 'NONE', #1956, .T. ) ;
#1978 = CARTESIAN_POINT ( 'NONE',  ( -16.21359013643878200, 1.500000000000000000, 14.87008725218433547 ) ) ;
#1979 = AXIS2_PLACEMENT_3D ( 'NONE', #322, #554, #77 ) ;
#1980 = EDGE_LOOP ( 'NONE', ( #1312, #844, #121, #2084 ) ) ;
#1981 = DIRECTION ( 'NONE',  ( -0.000000000000000000, -1.000000000000000000, -0.000000000000000000 ) ) ;
#1982 = CARTESIAN_POINT ( 'NONE',  ( 0.000000000000000000, 0.000000000000000000, -40.75000000000000000 ) ) ;
#1983 = ORIENTED_EDGE ( 'NONE', *, *, #2022, .F. ) ;
#1984 = ADVANCED_FACE ( 'NONE', ( #2724 ), #499, .T. ) ;
#1985 = DIRECTION ( 'NONE',  ( 0.000000000000000000, 1.000000000000000000, 0.000000000000000000 ) ) ;
#1986 = ORIENTED_EDGE ( 'NONE', *, *, #1589, .F. ) ;
#1987 = EDGE_CURVE ( 'NONE', #2609, #2852, #1533, .T. ) ;
#1988 = CARTESIAN_POINT ( 'NONE',  ( 0.000000000000000000, 1.500000000000000000, -48.25000000000000000 ) ) ;
#1989 = DIRECTION ( 'NONE',  ( 0.000000000000000000, 1.000000000000000000, 0.000000000000000000 ) ) ;
#1990 = ORIENTED_EDGE ( 'NONE', *, *, #2197, .T. ) ;
#1991 = DIRECTION ( 'NONE',  ( -0.000000000000000000, -1.000000000000000000, -0.000000000000000000 ) ) ;
#1992 = PLANE ( 'NONE',  #462 ) ;
#1993 = CIRCLE ( 'NONE', #2767, 30.25000000000000000 ) ;
#1994 = ORIENTED_EDGE ( 'NONE', *, *, #2030, .T. ) ;
#1995 = DIRECTION ( 'NONE',  ( -0.7071067811865439090, 0.000000000000000000, 0.7071067811865512365 ) ) ;
#1996 = DIRECTION ( 'NONE',  ( 0.000000000000000000, 0.000000000000000000, 1.000000000000000000 ) ) ;
#1997 = ORIENTED_EDGE ( 'NONE', *, *, #594, .F. ) ;
#1998 = DIRECTION ( 'NONE',  ( -0.7071067811865462405, 0.000000000000000000, 0.7071067811865487940 ) ) ;
#1999 = ORIENTED_EDGE ( 'NONE', *, *, #1432, .T. ) ;
#2000 = EDGE_CURVE ( 'NONE', #2907, #28, #2255, .T. ) ;
#2001 = ORIENTED_EDGE ( 'NONE', *, *, #2004, .F. ) ;
#2002 = DIRECTION ( 'NONE',  ( 0.000000000000000000, 0.000000000000000000, 1.000000000000000000 ) ) ;
#2003 = CARTESIAN_POINT ( 'NONE',  ( -40.26973118857388556, 0.000000000000000000, -38.92622830431945147 ) ) ;
#2004 = EDGE_CURVE ( 'NONE', #1305, #2746, #26, .T. ) ;
#2005 = VERTEX_POINT ( 'NONE', #711 ) ;
#2006 = CARTESIAN_POINT ( 'NONE',  ( -33.43953701199014006, 1.500000000000000000, 34.78303989624456705 ) ) ;
#2007 = DIRECTION ( 'NONE',  ( 0.000000000000000000, 1.000000000000000000, 0.000000000000000000 ) ) ;
#2008 = AXIS2_PLACEMENT_3D ( 'NONE', #989, #34, #2492 ) ;
#2009 = VERTEX_POINT ( 'NONE', #469 ) ;
#2010 = CARTESIAN_POINT ( 'NONE',  ( 40.26973118857387846, 1.500000000000000000, 38.92622830431944436 ) ) ;
#2011 = CARTESIAN_POINT ( 'NONE',  ( -40.26973118857388556, 1.500000000000000000, -38.92622830431945147 ) ) ;
#2012 = VERTEX_POINT ( 'NONE', #1474 ) ;
#2013 = VECTOR ( 'NONE', #175, 1000.000000000000000 ) ;
#2014 = ORIENTED_EDGE ( 'NONE', *, *, #1781, .T. ) ;
#2015 = DIRECTION ( 'NONE',  ( -0.7071067811865487940, 0.000000000000000000, -0.7071067811865462405 ) ) ;
#2016 = LOCAL_TIME ( 22, 4, 11.00000000000000000, #1971 ) ;
#2017 = PERSON_AND_ORGANIZATION ( #546, #348 ) ;
#2018 = VERTEX_POINT ( 'NONE', #1229 ) ;
#2019 = VECTOR ( 'NONE', #1188, 1000.000000000000000 ) ;
#2020 = DIRECTION ( 'NONE',  ( -0.7071067811865474617, 0.000000000000000000, 0.7071067811865474617 ) ) ;
#2021 = ADVANCED_BREP_SHAPE_REPRESENTATION ( 'Delta_12025_Fan_Guard', ( #2668, #2673, #89 ), #2582 ) ;
#2022 = EDGE_CURVE ( 'NONE', #28, #2397, #2205, .T. ) ;
#2023 = LINE ( 'NONE', #20, #1918 ) ;
#2024 = ORIENTED_EDGE ( 'NONE', *, *, #326, .T. ) ;
#2025 = LINE ( 'NONE', #3019, #1338 ) ;
#2026 = EDGE_CURVE ( 'NONE', #3120, #108, #2330, .T. ) ;
#2027 = FACE_OUTER_BOUND ( 'NONE', #1510, .T. ) ;
#2028 = ORIENTED_EDGE ( 'NONE', *, *, #1446, .F. ) ;
#2029 = DIRECTION ( 'NONE',  ( 0.7071067811865474617, 0.000000000000000000, -0.7071067811865474617 ) ) ;
#2030 = EDGE_CURVE ( 'NONE', #849, #3, #654, .T. ) ;
#2031 = CARTESIAN_POINT ( 'NONE',  ( 28.41756193668651775, 1.500000000000000000, 27.07405905243220090 ) ) ;
#2032 = VERTEX_POINT ( 'NONE', #2031 ) ;
#2033 = CARTESIAN_POINT ( 'NONE',  ( -38.92622830431944436, 1.500000000000000000, 40.26973118857388556 ) ) ;
#2034 = VECTOR ( 'NONE', #2779, 1000.000000000000000 ) ;
#2035 = DIRECTION ( 'NONE',  ( 0.7071067811865463515, 0.000000000000000000, -0.7071067811865487940 ) ) ;
#2036 = FACE_BOUND ( 'NONE', #609, .T. ) ;
#2037 = DIRECTION ( 'NONE',  ( -0.000000000000000000, -1.000000000000000000, -0.000000000000000000 ) ) ;
#2038 = ORIENTED_EDGE ( 'NONE', *, *, #2855, .F. ) ;
#2039 = DIRECTION ( 'NONE',  ( -0.000000000000000000, -1.000000000000000000, -0.000000000000000000 ) ) ;
#2040 = FACE_OUTER_BOUND ( 'NONE', #1349, .T. ) ;
#2041 = EDGE_CURVE ( 'NONE', #1123, #583, #2116, .T. ) ;
#2042 = VERTEX_POINT ( 'NONE', #303 ) ;
#2043 = DIRECTION ( 'NONE',  ( 0.000000000000000000, 0.000000000000000000, 1.000000000000000000 ) ) ;
#2044 = DIRECTION ( 'NONE',  ( 0.7071067811865463515, 0.000000000000000000, -0.7071067811865487940 ) ) ;
#2045 = AXIS2_PLACEMENT_3D ( 'NONE', #1163, #2937, #2453 ) ;
#2046 = EDGE_CURVE ( 'NONE', #682, #3165, #1310, .T. ) ;
#2047 = ORIENTED_EDGE ( 'NONE', *, *, #2324, .T. ) ;
#2048 = DIRECTION ( 'NONE',  ( 0.7071067811865463515, 0.000000000000000000, -0.7071067811865487940 ) ) ;
#2049 = ORIENTED_EDGE ( 'NONE', *, *, #1897, .F. ) ;
#2050 = DIRECTION ( 'NONE',  ( -0.000000000000000000, -1.000000000000000000, -0.000000000000000000 ) ) ;
#2051 = DIRECTION ( 'NONE',  ( 0.7071067811865513475, 0.000000000000000000, 0.7071067811865436870 ) ) ;
#2052 = ORIENTED_EDGE ( 'NONE', *, *, #1335, .F. ) ;
#2053 = CARTESIAN_POINT ( 'NONE',  ( 38.92622830431945147, 1.500000000000000000, -40.26973118857389267 ) ) ;
#2054 = CARTESIAN_POINT ( 'NONE',  ( 40.26973118857387846, 1.500000000000000000, 38.92622830431944436 ) ) ;
#2055 = ORIENTED_EDGE ( 'NONE', *, *, #1691, .F. ) ;
#2056 = VECTOR ( 'NONE', #2415, 1000.000000000000000 ) ;
#2057 = PLANE ( 'NONE',  #2830 ) ;
#2058 = EDGE_CURVE ( 'NONE', #1573, #2005, #1144, .T. ) ;
#2059 = VECTOR ( 'NONE', #2365, 1000.000000000000000 ) ;
#2060 = VERTEX_POINT ( 'NONE', #375 ) ;
#2061 = VECTOR ( 'NONE', #2517, 1000.000000000000000 ) ;
#2062 = CARTESIAN_POINT ( 'NONE',  ( 0.000000000000000000, 1.500000000000000000, 0.000000000000000000 ) ) ;
#2063 = EDGE_CURVE ( 'NONE', #1472, #2009, #3039, .T. ) ;
#2064 = LINE ( 'NONE', #619, #632 ) ;
#2065 = AXIS2_PLACEMENT_3D ( 'NONE', #3016, #2262, #2993 ) ;
#2066 = CARTESIAN_POINT ( 'NONE',  ( -60.00000000000000000, 0.000000000000000000, 52.00000000000000000 ) ) ;
#2067 = AXIS2_PLACEMENT_3D ( 'NONE', #922, #3198, #233 ) ;
#2068 = CARTESIAN_POINT ( 'NONE',  ( 27.07405905243250643, 1.500000000000000000, 28.41756193668621577 ) ) ;
#2069 = AXIS2_PLACEMENT_3D ( 'NONE', #1072, #2007, #2998 ) ;
#2070 = ORIENTED_EDGE ( 'NONE', *, *, #1053, .T. ) ;
#2071 = CARTESIAN_POINT ( 'NONE',  ( -28.41756193668651065, 1.500000000000000000, -27.07405905243220445 ) ) ;
#2072 = AXIS2_PLACEMENT_3D ( 'NONE', #2459, #1415, #2717 ) ;
#2073 = DIRECTION ( 'NONE',  ( 0.7071067811865475727, -0.000000000000000000, 0.7071067811865475727 ) ) ;
#2074 = ORIENTED_EDGE ( 'NONE', *, *, #1417, .T. ) ;
#2075 = DIRECTION ( 'NONE',  ( -0.000000000000000000, -1.000000000000000000, -0.000000000000000000 ) ) ;
#2076 = ORIENTED_EDGE ( 'NONE', *, *, #71, .F. ) ;
#2077 = DIRECTION ( 'NONE',  ( 0.000000000000000000, 0.000000000000000000, -1.000000000000000000 ) ) ;
#2078 = EDGE_LOOP ( 'NONE', ( #2549, #3136, #709, #2734 ) ) ;
#2079 = EDGE_CURVE ( 'NONE', #1689, #656, #1348, .T. ) ;
#2080 = EDGE_LOOP ( 'NONE', ( #230, #1593, #72, #2221 ) ) ;
#2081 = DIRECTION ( 'NONE',  ( 0.000000000000000000, 1.000000000000000000, 0.000000000000000000 ) ) ;
#2082 = CARTESIAN_POINT ( 'NONE',  ( 0.000000000000000000, 1.500000000000000000, 0.000000000000000000 ) ) ;
#2083 = EDGE_CURVE ( 'NONE', #2417, #2392, #902, .T. ) ;
#2084 = ORIENTED_EDGE ( 'NONE', *, *, #2153, .F. ) ;
#2085 = DIRECTION ( 'NONE',  ( 0.000000000000000000, 0.000000000000000000, -1.000000000000000000 ) ) ;
#2086 = FACE_OUTER_BOUND ( 'NONE', #3199, .T. ) ;
#2087 = ORIENTED_EDGE ( 'NONE', *, *, #535, .F. ) ;
#2088 = CARTESIAN_POINT ( 'NONE',  ( -34.78303989624458126, 0.000000000000000000, 33.43953701199013295 ) ) ;
#2089 = ORIENTED_EDGE ( 'NONE', *, *, #2659, .T. ) ;
#2090 = DIRECTION ( 'NONE',  ( 0.000000000000000000, 0.000000000000000000, 1.000000000000000000 ) ) ;
#2091 = ORIENTED_EDGE ( 'NONE', *, *, #1691, .T. ) ;
#2092 = CARTESIAN_POINT ( 'NONE',  ( -21.76883678545752332, 0.000000000000000000, -23.11233966971131792 ) ) ;
#2093 = FACE_OUTER_BOUND ( 'NONE', #2922, .T. ) ;
#2094 = DIRECTION ( 'NONE',  ( -0.000000000000000000, -1.000000000000000000, -0.000000000000000000 ) ) ;
#2095 = EDGE_CURVE ( 'NONE', #1777, #1625, #2098, .T. ) ;
#2096 = ORIENTED_EDGE ( 'NONE', *, *, #3057, .F. ) ;
#2097 = DIRECTION ( 'NONE',  ( 0.7071067811865513475, 0.000000000000000000, 0.7071067811865436870 ) ) ;
#2098 = LINE ( 'NONE', #62, #2168 ) ;
#2099 = FACE_BOUND ( 'NONE', #1336, .T. ) ;
#2100 = EDGE_CURVE ( 'NONE', #1061, #1659, #3160, .T. ) ;
#2101 = VERTEX_POINT ( 'NONE', #361 ) ;
#2102 = DIRECTION ( 'NONE',  ( 0.000000000000000000, 0.000000000000000000, 1.000000000000000000 ) ) ;
#2103 = ORIENTED_EDGE ( 'NONE', *, *, #1397, .T. ) ;
#2104 = DIRECTION ( 'NONE',  ( -0.000000000000000000, -1.000000000000000000, -0.000000000000000000 ) ) ;
#2105 = VECTOR ( 'NONE', #2075, 1000.000000000000000 ) ;
#2106 = VERTEX_POINT ( 'NONE', #605 ) ;
#2107 = CIRCLE ( 'NONE', #1701, 31.75000000000000000 ) ;
#2108 = DIRECTION ( 'NONE',  ( 0.000000000000000000, 1.000000000000000000, 0.000000000000000000 ) ) ;
#2109 = CARTESIAN_POINT ( 'NONE',  ( 0.000000000000000000, 1.500000000000000000, 0.000000000000000000 ) ) ;
#2110 = CIRCLE ( 'NONE', #1034, 58.00000000000000000 ) ;
#2111 = DIRECTION ( 'NONE',  ( 0.000000000000000000, 1.000000000000000000, 0.000000000000000000 ) ) ;
#2112 = VECTOR ( 'NONE', #2111, 1000.000000000000000 ) ;
#2113 = ORIENTED_EDGE ( 'NONE', *, *, #2201, .T. ) ;
#2114 = VECTOR ( 'NONE', #2048, 1000.000000000000000 ) ;
#2115 = DIRECTION ( 'NONE',  ( 0.000000000000000000, 1.000000000000000000, 0.000000000000000000 ) ) ;
#2116 = LINE ( 'NONE', #1651, #350 ) ;
#2117 = CARTESIAN_POINT ( 'NONE',  ( 21.76883678545753753, 1.500000000000000000, 23.11233966971130016 ) ) ;
#2118 = AXIS2_PLACEMENT_3D ( 'NONE', #460, #950, #2412 ) ;
#2119 = ORIENTED_EDGE ( 'NONE', *, *, #58, .T. ) ;
#2120 = EDGE_CURVE ( 'NONE', #401, #582, #625, .T. ) ;
#2121 = DIRECTION ( 'NONE',  ( 0.7071067811865474617, 0.000000000000000000, -0.7071067811865474617 ) ) ;
#2122 = AXIS2_PLACEMENT_3D ( 'NONE', #2054, #1331, #1045 ) ;
#2123 = ORIENTED_EDGE ( 'NONE', *, *, #1482, .T. ) ;
#2124 = DIRECTION ( 'NONE',  ( 0.000000000000000000, 0.000000000000000000, 1.000000000000000000 ) ) ;
#2125 = ORIENTED_EDGE ( 'NONE', *, *, #1902, .F. ) ;
#2126 = LINE ( 'NONE', #1947, #16 ) ;
#2127 = DIRECTION ( 'NONE',  ( 0.000000000000000000, 0.000000000000000000, 1.000000000000000000 ) ) ;
#2128 = CARTESIAN_POINT ( 'NONE',  ( 27.07405905243213340, 0.000000000000000000, -28.41756193668657815 ) ) ;
#2129 = ORIENTED_EDGE ( 'NONE', *, *, #1613, .T. ) ;
#2130 = DIRECTION ( 'NONE',  ( -0.7071067811865474617, 0.000000000000000000, 0.7071067811865474617 ) ) ;
#2131 = DIRECTION ( 'NONE',  ( 0.000000000000000000, 0.000000000000000000, -1.000000000000000000 ) ) ;
#2132 = CARTESIAN_POINT ( 'NONE',  ( 60.00000000000000000, 1.500000000000000000, 52.00000000000000000 ) ) ;
#2133 = ORIENTED_EDGE ( 'NONE', *, *, #2531, .F. ) ;
#2134 = DIRECTION ( 'NONE',  ( -0.000000000000000000, -1.000000000000000000, -0.000000000000000000 ) ) ;
#2135 = CIRCLE ( 'NONE', #789, 2.750000000000016431 ) ;
#2136 = EDGE_CURVE ( 'NONE', #1671, #108, #639, .T. ) ;
#2137 = VERTEX_POINT ( 'NONE', #3129 ) ;
#2138 = FACE_OUTER_BOUND ( 'NONE', #3071, .T. ) ;
#2139 = ADVANCED_FACE ( 'NONE', ( #2862 ), #1290, .F. ) ;
#2140 = EDGE_LOOP ( 'NONE', ( #2247, #485, #2519, #1828 ) ) ;
#2141 = DIRECTION ( 'NONE',  ( 0.000000000000000000, 0.000000000000000000, 1.000000000000000000 ) ) ;
#2142 = LINE ( 'NONE', #2651, #2322 ) ;
#2143 = ORIENTED_EDGE ( 'NONE', *, *, #3057, .T. ) ;
#2144 = DIRECTION ( 'NONE',  ( -0.000000000000000000, -1.000000000000000000, -0.000000000000000000 ) ) ;
#2145 = ORIENTED_EDGE ( 'NONE', *, *, #466, .T. ) ;
#2146 = DIRECTION ( 'NONE',  ( -0.7071067811865474617, 0.000000000000000000, 0.7071067811865474617 ) ) ;
#2147 = DIRECTION ( 'NONE',  ( 0.000000000000000000, 0.000000000000000000, 1.000000000000000000 ) ) ;
#2148 = DIRECTION ( 'NONE',  ( 0.000000000000000000, 1.000000000000000000, 0.000000000000000000 ) ) ;
#2149 = EDGE_CURVE ( 'NONE', #720, #1030, #2590, .T. ) ;
#2150 = VERTEX_POINT ( 'NONE', #116 ) ;
#2151 = CARTESIAN_POINT ( 'NONE',  ( 0.000000000000000000, 1.500000000000000000, -22.00000000000000000 ) ) ;
#2152 = ORIENTED_EDGE ( 'NONE', *, *, #3073, .F. ) ;
#2153 = EDGE_CURVE ( 'NONE', #512, #2936, #2271, .T. ) ;
#2154 = CARTESIAN_POINT ( 'NONE',  ( 38.92622830431945147, 1.500000000000000000, -40.26973118857389267 ) ) ;
#2155 = ORIENTED_EDGE ( 'NONE', *, *, #2120, .T. ) ;
#2156 = AXIS2_PLACEMENT_3D ( 'NONE', #1172, #3216, #217 ) ;
#2157 = EDGE_CURVE ( 'NONE', #2337, #2291, #2847, .T. ) ;
#2158 = CARTESIAN_POINT ( 'NONE',  ( 51.99999999999998579, 0.000000000000000000, 54.75000000000000000 ) ) ;
#2159 = FACE_OUTER_BOUND ( 'NONE', #532, .T. ) ;
#2160 = ORIENTED_EDGE ( 'NONE', *, *, #478, .F. ) ;
#2161 = DIRECTION ( 'NONE',  ( 0.000000000000000000, 0.000000000000000000, -1.000000000000000000 ) ) ;
#2162 = CIRCLE ( 'NONE', #1296, 22.00000000000000000 ) ;
#2163 = DIRECTION ( 'NONE',  ( 0.000000000000000000, 1.000000000000000000, 0.000000000000000000 ) ) ;
#2164 = FACE_OUTER_BOUND ( 'NONE', #1508, .T. ) ;
#2165 = EDGE_LOOP ( 'NONE', ( #1381, #68, #641, #1180 ) ) ;
#2166 = CYLINDRICAL_SURFACE ( 'NONE', #1183, 48.25000000000000000 ) ;
#2167 = VECTOR ( 'NONE', #2037, 1000.000000000000000 ) ;
#2168 = VECTOR ( 'NONE', #1547, 1000.000000000000000 ) ;
#2169 = FACE_OUTER_BOUND ( 'NONE', #1277, .T. ) ;
#2170 = ORIENTED_EDGE ( 'NONE', *, *, #810, .T. ) ;
#2171 = AXIS2_PLACEMENT_3D ( 'NONE', #823, #790, #3020 ) ;
#2172 = LINE ( 'NONE', #893, #2480 ) ;
#2173 = ORIENTED_EDGE ( 'NONE', *, *, #939, .F. ) ;
#2174 = AXIS2_PLACEMENT_3D ( 'NONE', #5, #786, #1746 ) ;
#2175 = EDGE_LOOP ( 'NONE', ( #365, #187, #842, #1736 ) ) ;
#2176 = CARTESIAN_POINT ( 'NONE',  ( 0.000000000000000000, 1.500000000000000000, 0.000000000000000000 ) ) ;
#2177 = DIRECTION ( 'NONE',  ( -0.000000000000000000, -1.000000000000000000, -0.000000000000000000 ) ) ;
#2178 = EDGE_CURVE ( 'NONE', #1945, #349, #877, .T. ) ;
#2179 = ORIENTED_EDGE ( 'NONE', *, *, #1522, .T. ) ;
#2180 = DIRECTION ( 'NONE',  ( 0.000000000000000000, 0.000000000000000000, 1.000000000000000000 ) ) ;
#2181 = CARTESIAN_POINT ( 'NONE',  ( -52.00000000000000000, 1.500000000000000000, 60.00000000000000000 ) ) ;
#2182 = FACE_OUTER_BOUND ( 'NONE', #995, .T. ) ;
#2183 = EDGE_CURVE ( 'NONE', #1700, #317, #47, .T. ) ;
#2184 = AXIS2_PLACEMENT_3D ( 'NONE', #110, #1314, #2295 ) ;
#2185 = ORIENTED_EDGE ( 'NONE', *, *, #2815, .F. ) ;
#2186 = CARTESIAN_POINT ( 'NONE',  ( 14.87008725218433725, 0.000000000000000000, -16.21359013643878200 ) ) ;
#2187 = LINE ( 'NONE', #1978, #1660 ) ;
#2188 = EDGE_LOOP ( 'NONE', ( #1110, #2546 ) ) ;
#2189 = LINE ( 'NONE', #11, #721 ) ;
#2190 = ORIENTED_EDGE ( 'NONE', *, *, #1684, .T. ) ;
#2191 = FACE_OUTER_BOUND ( 'NONE', #2292, .T. ) ;
#2192 = DIRECTION ( 'NONE',  ( 0.7071067811865475727, -0.000000000000000000, 0.7071067811865475727 ) ) ;
#2193 = ORIENTED_EDGE ( 'NONE', *, *, #1319, .T. ) ;
#2194 = CARTESIAN_POINT ( 'NONE',  ( 38.92622830431945147, 0.000000000000000000, -40.26973118857389267 ) ) ;
#2195 = VECTOR ( 'NONE', #1963, 1000.000000000000000 ) ;
#2196 = LINE ( 'NONE', #1207, #302 ) ;
#2197 = EDGE_CURVE ( 'NONE', #3127, #1281, #2399, .T. ) ;
#2198 = CARTESIAN_POINT ( 'NONE',  ( -29.47852147974158754, 1.500000000000000000, -28.13501859548726713 ) ) ;
#2199 = ORIENTED_EDGE ( 'NONE', *, *, #1175, .F. ) ;
#2200 = DIRECTION ( 'NONE',  ( -0.000000000000000000, -1.000000000000000000, -0.000000000000000000 ) ) ;
#2201 = EDGE_CURVE ( 'NONE', #2042, #1903, #1304, .T. ) ;
#2202 = CARTESIAN_POINT ( 'NONE',  ( 0.000000000000000000, 0.000000000000000000, 0.000000000000000000 ) ) ;
#2203 = ORIENTED_EDGE ( 'NONE', *, *, #410, .F. ) ;
#2204 = DIRECTION ( 'NONE',  ( 0.000000000000000000, 1.000000000000000000, 0.000000000000000000 ) ) ;
#2205 = LINE ( 'NONE', #3202, #2895 ) ;
#2206 = ORIENTED_EDGE ( 'NONE', *, *, #1946, .F. ) ;
#2207 = CARTESIAN_POINT ( 'NONE',  ( -38.92622830431944436, 1.500000000000000000, 40.26973118857388556 ) ) ;
#2208 = EDGE_LOOP ( 'NONE', ( #2705, #1539, #2658, #2321 ) ) ;
#2209 = LINE ( 'NONE', #1936, #2013 ) ;
#2210 = AXIS2_PLACEMENT_3D ( 'NONE', #692, #426, #1686 ) ;
#2211 = ORIENTED_EDGE ( 'NONE', *, *, #474, .F. ) ;
#2212 = FACE_BOUND ( 'NONE', #840, .T. ) ;
#2213 = VECTOR ( 'NONE', #772, 1000.000000000000000 ) ;
#2214 = DIRECTION ( 'NONE',  ( 0.000000000000000000, -0.000000000000000000, -1.000000000000000000 ) ) ;
#2215 = ORIENTED_EDGE ( 'NONE', *, *, #2259, .F. ) ;
#2216 = VECTOR ( 'NONE', #572, 1000.000000000000000 ) ;
#2217 = DIRECTION ( 'NONE',  ( 0.000000000000000000, 1.000000000000000000, 0.000000000000000000 ) ) ;
#2218 = DIRECTION ( 'NONE',  ( 1.000000000000000000, -0.000000000000000000, -0.000000000000000000 ) ) ;
#2219 = AXIS2_PLACEMENT_3D ( 'NONE', #1676, #2406, #2885 ) ;
#2220 = ADVANCED_FACE ( 'NONE', ( #674 ), #702, .F. ) ;
#2221 = ORIENTED_EDGE ( 'NONE', *, *, #2120, .F. ) ;
#2222 = AXIS2_PLACEMENT_3D ( 'NONE', #947, #2192, #2926 ) ;
#2223 = FACE_OUTER_BOUND ( 'NONE', #493, .T. ) ;
#2224 = CIRCLE ( 'NONE', #43, 40.75000000000000000 ) ;
#2225 = DIRECTION ( 'NONE',  ( -0.000000000000000000, -1.000000000000000000, -0.000000000000000000 ) ) ;
#2226 = AXIS2_PLACEMENT_3D ( 'NONE', #1756, #1276, #3186 ) ;
#2227 = EDGE_CURVE ( 'NONE', #2694, #1689, #2196, .T. ) ;
#2228 = VERTEX_POINT ( 'NONE', #3178 ) ;
#2229 = DIRECTION ( 'NONE',  ( -0.7071067811865474617, 0.000000000000000000, 0.7071067811865474617 ) ) ;
#2230 = ORIENTED_EDGE ( 'NONE', *, *, #1161, .F. ) ;
#2231 = AXIS2_PLACEMENT_3D ( 'NONE', #990, #1445, #952 ) ;
#2232 = APPROVAL_ROLE ( '' ) ;
#2233 = ORIENTED_EDGE ( 'NONE', *, *, #707, .T. ) ;
#2234 = DIRECTION ( 'NONE',  ( 0.000000000000000000, 1.000000000000000000, -0.000000000000000000 ) ) ;
#2235 = LINE ( 'NONE', #2781, #2167 ) ;
#2236 = VERTEX_POINT ( 'NONE', #2929 ) ;
#2237 = CARTESIAN_POINT ( 'NONE',  ( -40.26973118857388556, 1.500000000000000000, -38.92622830431945147 ) ) ;
#2238 = CARTESIAN_POINT ( 'NONE',  ( -35.84389951414578235, 1.500000000000000000, -34.50039662989139089 ) ) ;
#2239 = VERTEX_POINT ( 'NONE', #1697 ) ;
#2240 = FACE_OUTER_BOUND ( 'NONE', #1666, .T. ) ;
#2241 = DIRECTION ( 'NONE',  ( 0.000000000000000000, 0.000000000000000000, -1.000000000000000000 ) ) ;
#2242 = ADVANCED_FACE ( 'NONE', ( #2656 ), #2897, .T. ) ;
#2243 = ORIENTED_EDGE ( 'NONE', *, *, #2931, .F. ) ;
#2244 = CARTESIAN_POINT ( 'NONE',  ( 14.87008725218433547, 1.500000000000000000, -16.21359013643878200 ) ) ;
#2245 = ADVANCED_FACE ( 'NONE', ( #2687 ), #1427, .F. ) ;
#2246 = PERSON_AND_ORGANIZATION ( #546, #348 ) ;
#2247 = ORIENTED_EDGE ( 'NONE', *, *, #209, .F. ) ;
#2248 = FACE_BOUND ( 'NONE', #2941, .T. ) ;
#2249 = DIRECTION ( 'NONE',  ( 0.000000000000000000, 0.000000000000000000, -1.000000000000000000 ) ) ;
#2250 = EDGE_LOOP ( 'NONE', ( #2806, #1194, #3195, #1797 ) ) ;
#2251 = CARTESIAN_POINT ( 'NONE',  ( 14.87008725218465166, 1.500000000000000000, 16.21359013643849067 ) ) ;
#2252 = DIRECTION ( 'NONE',  ( 0.000000000000000000, 0.000000000000000000, 1.000000000000000000 ) ) ;
#2253 = VERTEX_POINT ( 'NONE', #2671 ) ;
#2254 = CARTESIAN_POINT ( 'NONE',  ( 0.000000000000000000, 1.500000000000000000, 0.000000000000000000 ) ) ;
#2255 = LINE ( 'NONE', #236, #1196 ) ;
#2256 = ORIENTED_EDGE ( 'NONE', *, *, #2725, .T. ) ;
#2257 = EDGE_CURVE ( 'NONE', #1362, #2770, #566, .T. ) ;
#2258 = FACE_OUTER_BOUND ( 'NONE', #1018, .T. ) ;
#2259 = EDGE_CURVE ( 'NONE', #3148, #1976, #1405, .T. ) ;
#2260 = VERTEX_POINT ( 'NONE', #3162 ) ;
#2261 = PLANE ( 'NONE',  #2008 ) ;
#2262 = DIRECTION ( 'NONE',  ( 0.000000000000000000, 1.000000000000000000, 0.000000000000000000 ) ) ;
#2263 = EDGE_CURVE ( 'NONE', #2702, #2417, #2913, .T. ) ;
#2264 = ORIENTED_EDGE ( 'NONE', *, *, #2960, .F. ) ;
#2265 = CARTESIAN_POINT ( 'NONE',  ( -21.76883678545721068, 1.500000000000000000, 23.11233966971159859 ) ) ;
#2266 = AXIS2_PLACEMENT_3D ( 'NONE', #152, #2610, #1106 ) ;
#2267 = CARTESIAN_POINT ( 'NONE',  ( -33.43953701199014006, 1.500000000000000000, 34.78303989624456705 ) ) ;
#2268 = VECTOR ( 'NONE', #2115, 1000.000000000000000 ) ;
#2269 = ORIENTED_EDGE ( 'NONE', *, *, #3196, .F. ) ;
#2270 = CARTESIAN_POINT ( 'NONE',  ( -20.70767792350368808, 1.500000000000000000, 22.05118080775806888 ) ) ;
#2271 = LINE ( 'NONE', #3024, #2842 ) ;
#2272 = VECTOR ( 'NONE', #125, 1000.000000000000114 ) ;
#2273 = AXIS2_PLACEMENT_3D ( 'NONE', #2980, #1007, #541 ) ;
#2274 = ORIENTED_EDGE ( 'NONE', *, *, #37, .T. ) ;
#2275 = AXIS2_PLACEMENT_3D ( 'NONE', #1869, #137, #3149 ) ;
#2276 = FACE_OUTER_BOUND ( 'NONE', #2685, .T. ) ;
#2277 = CALENDAR_DATE ( 2026, 18, 9 ) ;
#2278 = ORIENTED_EDGE ( 'NONE', *, *, #2914, .F. ) ;
#2279 = AXIS2_PLACEMENT_3D ( 'NONE', #3115, #1104, #2814 ) ;
#2280 = LINE ( 'NONE', #1493, #343 ) ;
#2281 = APPLICATION_CONTEXT ( 'configuration controlled 3d designs of mechanical parts and assemblies' ) ;
#2282 = CARTESIAN_POINT ( 'NONE',  ( 0.000000000000000000, 0.000000000000000000, 0.000000000000000000 ) ) ;
#2283 = ADVANCED_FACE ( 'NONE', ( #2641 ), #439, .F. ) ;
#2284 = ORIENTED_EDGE ( 'NONE', *, *, #864, .F. ) ;
#2285 = CARTESIAN_POINT ( 'NONE',  ( 22.05118080775800848, 1.500000000000000000, 20.70767792350375913 ) ) ;
#2286 = DIRECTION ( 'NONE',  ( 0.000000000000000000, 0.000000000000000000, -1.000000000000000000 ) ) ;
#2287 = EDGE_CURVE ( 'NONE', #935, #787, #198, .T. ) ;
#2288 = ORIENTED_EDGE ( 'NONE', *, *, #1902, .T. ) ;
#2289 = LINE ( 'NONE', #61, #813 ) ;
#2290 = CARTESIAN_POINT ( 'NONE',  ( 51.99999999999998579, 1.500000000000000000, -51.99999999999998579 ) ) ;
#2291 = VERTEX_POINT ( 'NONE', #1221 ) ;
#2292 = EDGE_LOOP ( 'NONE', ( #1577, #2274, #2256, #739 ) ) ;
#2293 = CYLINDRICAL_SURFACE ( 'NONE', #1085, 8.000000000000014211 ) ;
#2294 = SECURITY_CLASSIFICATION_LEVEL ( 'unclassified' ) ;
#2295 = DIRECTION ( 'NONE',  ( 0.000000000000000000, 0.000000000000000000, -1.000000000000000000 ) ) ;
#2296 = PLANE ( 'NONE',  #1082 ) ;
#2297 = CARTESIAN_POINT ( 'NONE',  ( -21.76883678545752332, 1.500000000000000000, -23.11233966971131792 ) ) ;
#2298 = ORIENTED_EDGE ( 'NONE', *, *, #3180, .F. ) ;
#2299 = ADVANCED_FACE ( 'NONE', ( #1953 ), #2949, .F. ) ;
#2300 = CYLINDRICAL_SURFACE ( 'NONE', #3099, 39.25000000000000000 ) ;
#2301 = CARTESIAN_POINT ( 'NONE',  ( 51.99999999999998579, 0.000000000000000000, 51.99999999999998579 ) ) ;
#2302 = ORIENTED_EDGE ( 'NONE', *, *, #2, .F. ) ;
#2303 = EDGE_CURVE ( 'NONE', #2417, #1292, #248, .T. ) ;
#2304 = PLANE ( 'NONE',  #2309 ) ;
#2305 = VECTOR ( 'NONE', #1643, 1000.000000000000000 ) ;
#2306 = VERTEX_POINT ( 'NONE', #1721 ) ;
#2307 = EDGE_CURVE ( 'NONE', #1928, #2236, #665, .T. ) ;
#2308 = CARTESIAN_POINT ( 'NONE',  ( 0.000000000000000000, 1.500000000000000000, 0.000000000000000000 ) ) ;
#2309 = AXIS2_PLACEMENT_3D ( 'NONE', #2500, #1995, #1546 ) ;
#2310 = DIRECTION ( 'NONE',  ( -0.000000000000000000, -1.000000000000000000, -0.000000000000000000 ) ) ;
#2311 = DIRECTION ( 'NONE',  ( 0.000000000000000000, 0.000000000000000000, -1.000000000000000000 ) ) ;
#2312 = FACE_OUTER_BOUND ( 'NONE', #2965, .T. ) ;
#2313 = ORIENTED_EDGE ( 'NONE', *, *, #93, .T. ) ;
#2314 = CARTESIAN_POINT ( 'NONE',  ( -38.92622830431987069, 0.000000000000000000, -40.26973118857348766 ) ) ;
#2315 = DIRECTION ( 'NONE',  ( -0.7071067811865487940, 0.000000000000000000, -0.7071067811865462405 ) ) ;
#2316 = ORIENTED_EDGE ( 'NONE', *, *, #18, .T. ) ;
#2317 = AXIS2_PLACEMENT_3D ( 'NONE', #921, #167, #442 ) ;
#2318 = LINE ( 'NONE', #86, #2989 ) ;
#2319 = VECTOR ( 'NONE', #2912, 1000.000000000000000 ) ;
#2320 = EDGE_CURVE ( 'NONE', #1271, #2397, #1865, .T. ) ;
#2321 = ORIENTED_EDGE ( 'NONE', *, *, #366, .T. ) ;
#2322 = VECTOR ( 'NONE', #385, 1000.000000000000000 ) ;
#2323 = DIRECTION ( 'NONE',  ( 0.000000000000000000, 0.000000000000000000, -1.000000000000000000 ) ) ;
#2324 = EDGE_CURVE ( 'NONE', #3127, #797, #2676, .T. ) ;
#2325 = VECTOR ( 'NONE', #1145, 1000.000000000000000 ) ;
#2326 = VERTEX_POINT ( 'NONE', #2970 ) ;
#2327 = CARTESIAN_POINT ( 'NONE',  ( 51.99999999999998579, 0.000000000000000000, -51.99999999999998579 ) ) ;
#2328 = VECTOR ( 'NONE', #1598, 1000.000000000000000 ) ;
#2329 = CARTESIAN_POINT ( 'NONE',  ( 0.000000000000000000, 1.500000000000000000, 0.000000000000000000 ) ) ;
#2330 = CIRCLE ( 'NONE', #1762, 1.749999999999987566 ) ;
#2331 = CYLINDRICAL_SURFACE ( 'NONE', #1195, 49.75000000000000711 ) ;
#2332 = AXIS2_PLACEMENT_3D ( 'NONE', #2642, #2367, #362 ) ;
#2333 = EDGE_LOOP ( 'NONE', ( #3090, #53, #927, #1655 ) ) ;
#2334 = CARTESIAN_POINT ( 'NONE',  ( 0.000000000000000000, 1.500000000000000000, -31.75000000000000000 ) ) ;
#2335 = CIRCLE ( 'NONE', #2072, 49.75000000000000711 ) ;
#2336 = CARTESIAN_POINT ( 'NONE',  ( -40.26973118857388556, 1.500000000000000000, -38.92622830431945147 ) ) ;
#2337 = VERTEX_POINT ( 'NONE', #2904 ) ;
#2338 = CARTESIAN_POINT ( 'NONE',  ( 0.000000000000000000, 1.500000000000000000, 0.000000000000000000 ) ) ;
#2339 = ORIENTED_EDGE ( 'NONE', *, *, #518, .F. ) ;
#2340 = EDGE_CURVE ( 'NONE', #684, #2715, #2542, .T. ) ;
#2341 = CARTESIAN_POINT ( 'NONE',  ( 51.99999999999998579, 0.000000000000000000, 51.99999999999998579 ) ) ;
#2342 = ORIENTED_EDGE ( 'NONE', *, *, #3196, .T. ) ;
#2343 = CARTESIAN_POINT ( 'NONE',  ( -22.05118080775799783, 1.500000000000000000, -20.70767792350375913 ) ) ;
#2344 = EDGE_CURVE ( 'NONE', #684, #3148, #3219, .T. ) ;
#2345 = CYLINDRICAL_SURFACE ( 'NONE', #2378, 1.749999999999987566 ) ;
#2346 = FACE_OUTER_BOUND ( 'NONE', #1219, .T. ) ;
#2347 = ORIENTED_EDGE ( 'NONE', *, *, #1011, .F. ) ;
#2348 = DIRECTION ( 'NONE',  ( -0.7071067811865439090, 0.000000000000000000, 0.7071067811865512365 ) ) ;
#2349 = CARTESIAN_POINT ( 'NONE',  ( 40.26973118857387846, 0.000000000000000000, 38.92622830431944436 ) ) ;
#2350 = FACE_OUTER_BOUND ( 'NONE', #1439, .T. ) ;
#2351 = VECTOR ( 'NONE', #2695, 1000.000000000000000 ) ;
#2352 = ORIENTED_EDGE ( 'NONE', *, *, #1842, .T. ) ;
#2353 = AXIS2_PLACEMENT_3D ( 'NONE', #65, #634, #1386 ) ;
#2354 = CARTESIAN_POINT ( 'NONE',  ( 21.76883678545753753, 0.000000000000000000, 23.11233966971130016 ) ) ;
#2355 = ADVANCED_FACE ( 'NONE', ( #443 ), #1958, .F. ) ;
#2356 = ORIENTED_EDGE ( 'NONE', *, *, #1537, .T. ) ;
#2357 = VECTOR ( 'NONE', #1244, 1000.000000000000000 ) ;
#2358 = DIRECTION ( 'NONE',  ( 0.000000000000000000, 0.000000000000000000, -1.000000000000000000 ) ) ;
#2359 = ORIENTED_EDGE ( 'NONE', *, *, #189, .F. ) ;
#2360 = DIRECTION ( 'NONE',  ( -0.000000000000000000, -1.000000000000000000, -0.000000000000000000 ) ) ;
#2361 = LINE ( 'NONE', #336, #2735 ) ;
#2362 = CARTESIAN_POINT ( 'NONE',  ( -40.26973118857388556, 1.500000000000000000, -38.92622830431945147 ) ) ;
#2363 = EDGE_CURVE ( 'NONE', #1005, #1903, #2187, .T. ) ;
#2364 = ORIENTED_EDGE ( 'NONE', *, *, #2725, .F. ) ;
#2365 = DIRECTION ( 'NONE',  ( 0.7071067811865513475, 0.000000000000000000, 0.7071067811865436870 ) ) ;
#2366 = DIRECTION ( 'NONE',  ( 0.000000000000000000, 1.000000000000000000, 0.000000000000000000 ) ) ;
#2367 = DIRECTION ( 'NONE',  ( -0.000000000000000000, -1.000000000000000000, -0.000000000000000000 ) ) ;
#2368 = ADVANCED_FACE ( 'NONE', ( #2169 ), #728, .F. ) ;
#2369 = ORIENTED_EDGE ( 'NONE', *, *, #1534, .F. ) ;
#2370 = LINE ( 'NONE', #1624, #2105 ) ;
#2371 = ORIENTED_EDGE ( 'NONE', *, *, #366, .F. ) ;
#2372 = CYLINDRICAL_SURFACE ( 'NONE', #508, 2.750000000000016431 ) ;
#2373 = AXIS2_PLACEMENT_3D ( 'NONE', #533, #301, #756 ) ;
#2374 = ORIENTED_EDGE ( 'NONE', *, *, #2000, .F. ) ;
#2375 = VECTOR ( 'NONE', #1330, 1000.000000000000000 ) ;
#2376 = LINE ( 'NONE', #2616, #2305 ) ;
#2377 = DIRECTION ( 'NONE',  ( -0.000000000000000000, -1.000000000000000000, -0.000000000000000000 ) ) ;
#2378 = AXIS2_PLACEMENT_3D ( 'NONE', #2602, #2050, #111 ) ;
#2379 = CARTESIAN_POINT ( 'NONE',  ( -38.92622830431987069, 1.500000000000000000, -40.26973118857348766 ) ) ;
#2380 = ORIENTED_EDGE ( 'NONE', *, *, #2307, .F. ) ;
#2381 = CIRCLE ( 'NONE', #1908, 8.000000000000014211 ) ;
#2382 = CARTESIAN_POINT ( 'NONE',  ( 51.99999999999998579, 1.500000000000000000, 51.99999999999998579 ) ) ;
#2383 = DIRECTION ( 'NONE',  ( 0.000000000000000000, 0.000000000000000000, 1.000000000000000000 ) ) ;
#2384 = EDGE_CURVE ( 'NONE', #2920, #159, #2721, .T. ) ;
#2385 = DIRECTION ( 'NONE',  ( -0.7071067811865462405, 0.000000000000000000, 0.7071067811865487940 ) ) ;
#2386 = CC_DESIGN_APPROVAL ( #333, ( #1120 ) ) ;
#2387 = AXIS2_PLACEMENT_3D ( 'NONE', #1504, #3006, #1014 ) ;
#2388 = ORIENTED_EDGE ( 'NONE', *, *, #3062, .T. ) ;
#2389 = CARTESIAN_POINT ( 'NONE',  ( 21.76883678545718936, 0.000000000000000000, -23.11233966971163412 ) ) ;
#2390 = VECTOR ( 'NONE', #1878, 1000.000000000000000 ) ;
#2391 = EDGE_CURVE ( 'NONE', #3191, #1535, #1407, .T. ) ;
#2392 = VERTEX_POINT ( 'NONE', #2238 ) ;
#2393 = DIRECTION ( 'NONE',  ( 0.7071067811865475727, -0.000000000000000000, 0.7071067811865475727 ) ) ;
#2394 = ORIENTED_EDGE ( 'NONE', *, *, #2502, .F. ) ;
#2395 = CARTESIAN_POINT ( 'NONE',  ( -51.99999999999998579, 0.000000000000000000, -51.99999999999998579 ) ) ;
#2396 = CARTESIAN_POINT ( 'NONE',  ( -28.41756193668650710, 1.500000000000000000, -27.07405905243220090 ) ) ;
#2397 = VERTEX_POINT ( 'NONE', #1226 ) ;
#2398 = CARTESIAN_POINT ( 'NONE',  ( 38.92622830431945147, 1.500000000000000000, -40.26973118857389267 ) ) ;
#2399 = LINE ( 'NONE', #2181, #1711 ) ;
#2400 = CARTESIAN_POINT ( 'NONE',  ( 40.26973118857387846, 0.000000000000000000, 38.92622830431944436 ) ) ;
#2401 = ADVANCED_FACE ( 'NONE', ( #1674 ), #1703, .F. ) ;
#2402 = ORIENTED_EDGE ( 'NONE', *, *, #1613, .F. ) ;
#2403 = DIRECTION ( 'NONE',  ( 0.000000000000000000, 1.000000000000000000, 0.000000000000000000 ) ) ;
#2404 = EDGE_CURVE ( 'NONE', #550, #3079, #2661, .T. ) ;
#2405 = EDGE_LOOP ( 'NONE', ( #2576, #1790, #2001, #3014 ) ) ;
#2406 = DIRECTION ( 'NONE',  ( -0.7071067811865439090, 0.000000000000000000, 0.7071067811865512365 ) ) ;
#2407 = ORIENTED_EDGE ( 'NONE', *, *, #449, .T. ) ;
#2408 = DIRECTION ( 'NONE',  ( 0.000000000000000000, 1.000000000000000000, 0.000000000000000000 ) ) ;
#2409 = CYLINDRICAL_SURFACE ( 'NONE', #42, 48.25000000000000000 ) ;
#2410 = EDGE_LOOP ( 'NONE', ( #2173, #943, #1923, #1567 ) ) ;
#2411 = PLANE ( 'NONE',  #761 ) ;
#2412 = DIRECTION ( 'NONE',  ( 0.000000000000000000, 0.000000000000000000, -1.000000000000000000 ) ) ;
#2413 = DIRECTION ( 'NONE',  ( -0.7071067811865474617, 0.000000000000000000, 0.7071067811865474617 ) ) ;
#2414 = ORIENTED_EDGE ( 'NONE', *, *, #2868, .T. ) ;
#2415 = DIRECTION ( 'NONE',  ( -0.000000000000000000, -1.000000000000000000, -0.000000000000000000 ) ) ;
#2416 = CARTESIAN_POINT ( 'NONE',  ( -35.84389951414577524, 0.000000000000000000, -34.50039662989138378 ) ) ;
#2417 = VERTEX_POINT ( 'NONE', #2416 ) ;
#2418 = LINE ( 'NONE', #185, #2325 ) ;
#2419 = EDGE_CURVE ( 'NONE', #373, #417, #3164, .T. ) ;
#2420 = ORIENTED_EDGE ( 'NONE', *, *, #2571, .T. ) ;
#2421 = AXIS2_PLACEMENT_3D ( 'NONE', #1449, #2434, #202 ) ;
#2422 = DIRECTION ( 'NONE',  ( 0.000000000000000000, 0.000000000000000000, 1.000000000000000000 ) ) ;
#2423 = EDGE_CURVE ( 'NONE', #317, #760, #956, .T. ) ;
#2424 = LINE ( 'NONE', #161, #1761 ) ;
#2425 = CIRCLE ( 'NONE', #2574, 40.75000000000000000 ) ;
#2426 = ORIENTED_EDGE ( 'NONE', *, *, #1752, .T. ) ;
#2427 = CARTESIAN_POINT ( 'NONE',  ( -51.99999999999998579, 1.500000000000000000, -51.99999999999998579 ) ) ;
#2428 = VECTOR ( 'NONE', #1678, 1000.000000000000000 ) ;
#2429 = DIRECTION ( 'NONE',  ( -0.7071067811865475727, 0.000000000000000000, -0.7071067811865475727 ) ) ;
#2430 = DIRECTION ( 'NONE',  ( 0.000000000000000000, 0.000000000000000000, 1.000000000000000000 ) ) ;
#2431 = AXIS2_PLACEMENT_3D ( 'NONE', #913, #1202, #1179 ) ;
#2432 = VECTOR ( 'NONE', #1160, 1000.000000000000000 ) ;
#2433 = ORIENTED_EDGE ( 'NONE', *, *, #3175, .T. ) ;
#2434 = DIRECTION ( 'NONE',  ( -0.000000000000000000, -1.000000000000000000, -0.000000000000000000 ) ) ;
#2435 = VECTOR ( 'NONE', #1620, 1000.000000000000000 ) ;
#2436 = CARTESIAN_POINT ( 'NONE',  ( -40.26973118857388556, 1.500000000000000000, 38.92622830431944436 ) ) ;
#2437 = VERTEX_POINT ( 'NONE', #2436 ) ;
#2438 = CIRCLE ( 'NONE', #2171, 48.25000000000000000 ) ;
#2439 = CARTESIAN_POINT ( 'NONE',  ( 0.000000000000000000, 0.000000000000000000, 0.000000000000000000 ) ) ;
#2440 = ORIENTED_EDGE ( 'NONE', *, *, #3153, .T. ) ;
#2441 = EDGE_CURVE ( 'NONE', #2715, #1976, #204, .T. ) ;
#2442 = CARTESIAN_POINT ( 'NONE',  ( 0.000000000000000000, 0.000000000000000000, 0.000000000000000000 ) ) ;
#2443 = DIRECTION ( 'NONE',  ( -0.000000000000000000, -1.000000000000000000, -0.000000000000000000 ) ) ;
#2444 = EDGE_CURVE ( 'NONE', #3041, #1640, #2693, .T. ) ;
#2445 = ORIENTED_EDGE ( 'NONE', *, *, #647, .T. ) ;
#2446 = DIRECTION ( 'NONE',  ( 0.000000000000000000, 1.000000000000000000, 0.000000000000000000 ) ) ;
#2447 = DIRECTION ( 'NONE',  ( -0.7071067811865474617, 0.000000000000000000, 0.7071067811865474617 ) ) ;
#2448 = PLANE ( 'NONE',  #203 ) ;
#2449 = VERTEX_POINT ( 'NONE', #2267 ) ;
#2450 = CARTESIAN_POINT ( 'NONE',  ( -16.21359013643864699, 1.500000000000000000, -14.87008725218447402 ) ) ;
#2451 = DIRECTION ( 'NONE',  ( 0.7071067811865512365, 0.000000000000000000, 0.7071067811865439090 ) ) ;
#2452 = EDGE_LOOP ( 'NONE', ( #2782, #1224, #2380, #2243 ) ) ;
#2453 = DIRECTION ( 'NONE',  ( 0.7071067811865512365, 0.000000000000000000, 0.7071067811865439090 ) ) ;
#2454 = DIRECTION ( 'NONE',  ( -0.7071067811865512365, 0.000000000000000000, -0.7071067811865439090 ) ) ;
#2455 = VERTEX_POINT ( 'NONE', #59 ) ;
#2456 = CARTESIAN_POINT ( 'NONE',  ( 52.00000000000000000, 1.500000000000000000, -60.00000000000000000 ) ) ;
#2457 = ORIENTED_EDGE ( 'NONE', *, *, #1554, .T. ) ;
#2458 = DIRECTION ( 'NONE',  ( 0.000000000000000000, 1.000000000000000000, -0.000000000000000000 ) ) ;
#2459 = CARTESIAN_POINT ( 'NONE',  ( 0.000000000000000000, 1.500000000000000000, 0.000000000000000000 ) ) ;
#2460 = EDGE_CURVE ( 'NONE', #935, #3065, #2438, .T. ) ;
#2461 = VERTEX_POINT ( 'NONE', #3049 ) ;
#2462 = CYLINDRICAL_SURFACE ( 'NONE', #1849, 22.00000000000000000 ) ;
#2463 = CARTESIAN_POINT ( 'NONE',  ( 0.000000000000000000, 1.500000000000000000, 0.000000000000000000 ) ) ;
#2464 = ORIENTED_EDGE ( 'NONE', *, *, #184, .T. ) ;
#2465 = CARTESIAN_POINT ( 'NONE',  ( -40.26973118857388556, 1.500000000000000000, -38.92622830431945147 ) ) ;
#2466 = DIRECTION ( 'NONE',  ( -0.000000000000000000, -1.000000000000000000, -0.000000000000000000 ) ) ;
#2467 = ORIENTED_EDGE ( 'NONE', *, *, #1046, .T. ) ;
#2468 = LINE ( 'NONE', #240, #2689 ) ;
#2469 = COORDINATED_UNIVERSAL_TIME_OFFSET ( 8, 0, .AHEAD. ) ;
#2470 = AXIS2_PLACEMENT_3D ( 'NONE', #1368, #854, #1350 ) ;
#2471 = EDGE_LOOP ( 'NONE', ( #1973, #585, #56, #870 ) ) ;
#2472 = DIRECTION ( 'NONE',  ( 0.7071067811865474617, 0.000000000000000000, -0.7071067811865474617 ) ) ;
#2473 = AXIS2_PLACEMENT_3D ( 'NONE', #915, #1220, #722 ) ;
#2474 = DIRECTION ( 'NONE',  ( -0.000000000000000000, -1.000000000000000000, -0.000000000000000000 ) ) ;
#2475 = VERTEX_POINT ( 'NONE', #279 ) ;
#2476 = AXIS2_PLACEMENT_3D ( 'NONE', #29, #1266, #1280 ) ;
#2477 = ADVANCED_FACE ( 'NONE', ( #2027 ), #1785, .F. ) ;
#2478 = CARTESIAN_POINT ( 'NONE',  ( 0.000000000000000000, 1.500000000000000000, 0.000000000000000000 ) ) ;
#2479 = DIRECTION ( 'NONE',  ( 0.7071067811865475727, 0.000000000000000000, -0.7071067811865475727 ) ) ;
#2480 = VECTOR ( 'NONE', #2104, 1000.000000000000000 ) ;
#2481 = ORIENTED_EDGE ( 'NONE', *, *, #2918, .F. ) ;
#2482 = AXIS2_PLACEMENT_3D ( 'NONE', #2910, #685, #3174 ) ;
#2483 = EDGE_CURVE ( 'NONE', #1190, #2150, #1307, .T. ) ;
#2484 = CARTESIAN_POINT ( 'NONE',  ( -28.41756193668657815, 1.500000000000000000, 27.07405905243213340 ) ) ;
#2485 = CARTESIAN_POINT ( 'NONE',  ( -40.26973118857388556, 0.000000000000000000, 38.92622830431944436 ) ) ;
#2486 = AXIS2_PLACEMENT_3D ( 'NONE', #328, #2511, #754 ) ;
#2487 = ORIENTED_EDGE ( 'NONE', *, *, #1198, .T. ) ;
#2488 = CARTESIAN_POINT ( 'NONE',  ( -38.92622830431987069, 1.500000000000000000, -40.26973118857348766 ) ) ;
#2489 = AXIS2_PLACEMENT_3D ( 'NONE', #1734, #1467, #1683 ) ;
#2490 = APPROVAL_DATE_TIME ( #3013, #333 ) ;
#2491 = ORIENTED_EDGE ( 'NONE', *, *, #1811, .F. ) ;
#2492 = DIRECTION ( 'NONE',  ( 0.000000000000000000, -0.000000000000000000, 1.000000000000000000 ) ) ;
#2493 = ADVANCED_FACE ( 'NONE', ( #298 ), #545, .T. ) ;
#2494 = DIRECTION ( 'NONE',  ( -0.000000000000000000, -1.000000000000000000, -0.000000000000000000 ) ) ;
#2495 = ORIENTED_EDGE ( 'NONE', *, *, #1335, .T. ) ;
#2496 = DIRECTION ( 'NONE',  ( -0.000000000000000000, -1.000000000000000000, -0.000000000000000000 ) ) ;
#2497 = CARTESIAN_POINT ( 'NONE',  ( 22.05118080775799427, 1.500000000000000000, -20.70767792350375913 ) ) ;
#2498 = ADVANCED_FACE ( 'NONE', ( #775 ), #1992, .F. ) ;
#2499 = ORIENTED_EDGE ( 'NONE', *, *, #379, .F. ) ;
#2500 = CARTESIAN_POINT ( 'NONE',  ( 40.26973118857387846, 1.500000000000000000, 38.92622830431944436 ) ) ;
#2501 = CARTESIAN_POINT ( 'NONE',  ( 60.00000000000000000, 1.500000000000000000, -52.00000000000000000 ) ) ;
#2502 = EDGE_CURVE ( 'NONE', #368, #547, #315, .T. ) ;
#2503 = ORIENTED_EDGE ( 'NONE', *, *, #1372, .T. ) ;
#2504 = LINE ( 'NONE', #1001, #2535 ) ;
#2505 = CALENDAR_DATE ( 2026, 18, 9 ) ;
#2506 = ORIENTED_EDGE ( 'NONE', *, *, #2851, .T. ) ;
#2507 = CARTESIAN_POINT ( 'NONE',  ( -51.99999999999998579, 1.500000000000000000, -51.99999999999998579 ) ) ;
#2508 = DIRECTION ( 'NONE',  ( 0.000000000000000000, 0.000000000000000000, 1.000000000000000000 ) ) ;
#2509 = ORIENTED_EDGE ( 'NONE', *, *, #2663, .T. ) ;
#2510 = CARTESIAN_POINT ( 'NONE',  ( 28.13501859548719963, 1.500000000000000000, -29.47852147974164438 ) ) ;
#2511 = DIRECTION ( 'NONE',  ( 0.000000000000000000, 0.000000000000000000, 1.000000000000000000 ) ) ;
#2512 = ORIENTED_EDGE ( 'NONE', *, *, #2596, .F. ) ;
#2513 = CARTESIAN_POINT ( 'NONE',  ( 38.92622830431945147, 1.500000000000000000, -40.26973118857389267 ) ) ;
#2514 = CARTESIAN_POINT ( 'NONE',  ( 38.92622830431987069, 1.500000000000000000, 40.26973118857345924 ) ) ;
#2515 = ORIENTED_EDGE ( 'NONE', *, *, #2183, .F. ) ;
#2516 = ADVANCED_FACE ( 'NONE', ( #2040 ), #2526, .F. ) ;
#2517 = DIRECTION ( 'NONE',  ( 0.000000000000000000, 1.000000000000000000, 0.000000000000000000 ) ) ;
#2518 = APPROVAL_STATUS ( 'not_yet_approved' ) ;
#2519 = ORIENTED_EDGE ( 'NONE', *, *, #707, .F. ) ;
#2520 = EDGE_CURVE ( 'NONE', #2101, #1879, #1010, .T. ) ;
#2521 = DIRECTION ( 'NONE',  ( 0.000000000000000000, 0.000000000000000000, 1.000000000000000000 ) ) ;
#2522 = DIRECTION ( 'NONE',  ( 0.000000000000000000, 1.000000000000000000, 0.000000000000000000 ) ) ;
#2523 = ORIENTED_EDGE ( 'NONE', *, *, #791, .T. ) ;
#2524 = CARTESIAN_POINT ( 'NONE',  ( -38.92622830431944436, 0.000000000000000000, 40.26973118857388556 ) ) ;
#2525 = AXIS2_PLACEMENT_3D ( 'NONE', #2933, #1702, #1469 ) ;
#2526 = PLANE ( 'NONE',  #2486 ) ;
#2527 = VECTOR ( 'NONE', #1117, 1000.000000000000000 ) ;
#2528 = ORIENTED_EDGE ( 'NONE', *, *, #2918, .T. ) ;
#2529 = CARTESIAN_POINT ( 'NONE',  ( 40.26973118857376477, 1.500000000000000000, -38.92622830431958647 ) ) ;
#2530 = DIRECTION ( 'NONE',  ( 0.000000000000000000, 1.000000000000000000, 0.000000000000000000 ) ) ;
#2531 = EDGE_CURVE ( 'NONE', #2946, #2326, #1563, .T. ) ;
#2532 = CIRCLE ( 'NONE', #1137, 1.749999999999987566 ) ;
#2533 = CIRCLE ( 'NONE', #1088, 48.25000000000000000 ) ;
#2534 = ORIENTED_EDGE ( 'NONE', *, *, #1916, .F. ) ;
#2535 = VECTOR ( 'NONE', #272, 1000.000000000000000 ) ;
#2536 = DIRECTION ( 'NONE',  ( -0.000000000000000000, -1.000000000000000000, -0.000000000000000000 ) ) ;
#2537 = ORIENTED_EDGE ( 'NONE', *, *, #2811, .T. ) ;
#2538 = CIRCLE ( 'NONE', #1560, 48.25000000000000000 ) ;
#2539 = COORDINATED_UNIVERSAL_TIME_OFFSET ( 8, 0, .AHEAD. ) ;
#2540 = EDGE_CURVE ( 'NONE', #445, #249, #1320, .T. ) ;
#2541 = CYLINDRICAL_SURFACE ( 'NONE', #2184, 48.25000000000000000 ) ;
#2542 = CIRCLE ( 'NONE', #3009, 58.00000000000000000 ) ;
#2543 = CARTESIAN_POINT ( 'NONE',  ( 40.26973118857387846, 1.500000000000000000, 38.92622830431944436 ) ) ;
#2544 = DIRECTION ( 'NONE',  ( -0.7071067811865512365, 0.000000000000000000, -0.7071067811865439090 ) ) ;
#2545 = ADVANCED_FACE ( 'NONE', ( #1772 ), #41, .F. ) ;
#2546 = ORIENTED_EDGE ( 'NONE', *, *, #608, .T. ) ;
#2547 = FACE_OUTER_BOUND ( 'NONE', #1800, .T. ) ;
#2548 = CARTESIAN_POINT ( 'NONE',  ( 23.11233966971153819, 1.500000000000000000, 21.76883678545727818 ) ) ;
#2549 = ORIENTED_EDGE ( 'NONE', *, *, #864, .T. ) ;
#2550 = LINE ( 'NONE', #1802, #974 ) ;
#2551 = ORIENTED_EDGE ( 'NONE', *, *, #3032, .T. ) ;
#2552 = LINE ( 'NONE', #3042, #245 ) ;
#2553 = DIRECTION ( 'NONE',  ( 0.000000000000000000, 0.000000000000000000, 1.000000000000000000 ) ) ;
#2554 = DIRECTION ( 'NONE',  ( 0.000000000000000000, 0.000000000000000000, -1.000000000000000000 ) ) ;
#2555 = DIRECTION ( 'NONE',  ( 0.000000000000000000, 1.000000000000000000, 0.000000000000000000 ) ) ;
#2556 = ORIENTED_EDGE ( 'NONE', *, *, #2603, .T. ) ;
#2557 = CARTESIAN_POINT ( 'NONE',  ( -40.26973118857388556, 0.000000000000000000, -38.92622830431945147 ) ) ;
#2558 = EDGE_CURVE ( 'NONE', #3041, #1712, #2769, .T. ) ;
#2559 = CARTESIAN_POINT ( 'NONE',  ( 0.000000000000000000, 1.500000000000000000, 0.000000000000000000 ) ) ;
#2560 = ORIENTED_EDGE ( 'NONE', *, *, #2404, .F. ) ;
#2561 = CARTESIAN_POINT ( 'NONE',  ( 0.000000000000000000, 1.500000000000000000, 0.000000000000000000 ) ) ;
#2562 = EDGE_CURVE ( 'NONE', #1783, #1116, #1517, .T. ) ;
#2563 = ORIENTED_EDGE ( 'NONE', *, *, #71, .T. ) ;
#2564 = DIRECTION ( 'NONE',  ( -0.000000000000000000, -1.000000000000000000, -0.000000000000000000 ) ) ;
#2565 = DIRECTION ( 'NONE',  ( 0.7071067811865463515, 0.000000000000000000, -0.7071067811865487940 ) ) ;
#2566 = CARTESIAN_POINT ( 'NONE',  ( 0.000000000000000000, 1.500000000000000000, -40.75000000000000000 ) ) ;
#2567 = DIRECTION ( 'NONE',  ( -0.7071067811865474617, 0.000000000000000000, 0.7071067811865474617 ) ) ;
#2568 = ORIENTED_EDGE ( 'NONE', *, *, #2851, .F. ) ;
#2569 = CARTESIAN_POINT ( 'NONE',  ( 0.000000000000000000, 1.500000000000000000, 0.000000000000000000 ) ) ;
#2570 = CARTESIAN_POINT ( 'NONE',  ( -14.87008725218464100, 1.500000000000000000, -16.21359013643849423 ) ) ;
#2571 = EDGE_CURVE ( 'NONE', #672, #1116, #1511, .T. ) ;
#2572 = ORIENTED_EDGE ( 'NONE', *, *, #2384, .F. ) ;
#2573 = LINE ( 'NONE', #2450, #31 ) ;
#2574 = AXIS2_PLACEMENT_3D ( 'NONE', #2640, #2446, #2180 ) ;
#2575 = EDGE_CURVE ( 'NONE', #2971, #2770, #2785, .T. ) ;
#2576 = ORIENTED_EDGE ( 'NONE', *, *, #1499, .T. ) ;
#2577 = CYLINDRICAL_SURFACE ( 'NONE', #1708, 39.25000000000000000 ) ;
#2578 = AXIS2_PLACEMENT_3D ( 'NONE', #2362, #1855, #621 ) ;
#2579 = AXIS2_PLACEMENT_3D ( 'NONE', #2033, #734, #715 ) ;
#2580 = ORIENTED_EDGE ( 'NONE', *, *, #1175, .T. ) ;
#2581 = FACE_OUTER_BOUND ( 'NONE', #354, .T. ) ;
#2582 =( GEOMETRIC_REPRESENTATION_CONTEXT ( 3 ) GLOBAL_UNCERTAINTY_ASSIGNED_CONTEXT ( ( #577 ) ) GLOBAL_UNIT_ASSIGNED_CONTEXT ( ( #1694, #419, #669 ) ) REPRESENTATION_CONTEXT ( 'NONE', 'WORKASPACE' ) );
#2583 = FACE_OUTER_BOUND ( 'NONE', #162, .T. ) ;
#2584 = CIRCLE ( 'NONE', #2226, 40.75000000000000000 ) ;
#2585 = DIRECTION ( 'NONE',  ( -0.7071067811865462405, 0.000000000000000000, 0.7071067811865487940 ) ) ;
#2586 = CC_DESIGN_APPROVAL ( #1402, ( #2793 ) ) ;
#2587 = AXIS2_PLACEMENT_3D ( 'NONE', #2934, #2479, #465 ) ;
#2588 = EDGE_LOOP ( 'NONE', ( #2700, #2515, #1065, #1606, #2750, #686, #680, #919, #2981, #2927, #2961, #81, #559, #2278, #1073, #1611, #1685 ) ) ;
#2589 = FACE_OUTER_BOUND ( 'NONE', #1212, .T. ) ;
#2590 = LINE ( 'NONE', #2349, #2644 ) ;
#2591 = AXIS2_PLACEMENT_3D ( 'NONE', #165, #229, #1718 ) ;
#2592 = FACE_OUTER_BOUND ( 'NONE', #1371, .T. ) ;
#2593 = VERTEX_POINT ( 'NONE', #70 ) ;
#2594 = FACE_OUTER_BOUND ( 'NONE', #780, .T. ) ;
#2595 = ORIENTED_EDGE ( 'NONE', *, *, #759, .F. ) ;
#2596 = EDGE_CURVE ( 'NONE', #1892, #1420, #2647, .T. ) ;
#2597 = VERTEX_POINT ( 'NONE', #655 ) ;
#2598 = CARTESIAN_POINT ( 'NONE',  ( 0.000000000000000000, 1.500000000000000000, -39.25000000000000000 ) ) ;
#2599 = ADVANCED_FACE ( 'NONE', ( #2592 ), #591, .F. ) ;
#2600 = EDGE_LOOP ( 'NONE', ( #258, #910, #425, #437 ) ) ;
#2601 = EDGE_LOOP ( 'NONE', ( #3075, #704, #2014, #764 ) ) ;
#2602 = CARTESIAN_POINT ( 'NONE',  ( -51.99999999999998579, 1.500000000000000000, 51.99999999999998579 ) ) ;
#2603 = EDGE_CURVE ( 'NONE', #849, #1463, #1136, .T. ) ;
#2604 = CARTESIAN_POINT ( 'NONE',  ( 0.000000000000000000, 1.500000000000000000, 0.000000000000000000 ) ) ;
#2605 = ORIENTED_EDGE ( 'NONE', *, *, #871, .T. ) ;
#2606 = LINE ( 'NONE', #638, #35 ) ;
#2607 = DIRECTION ( 'NONE',  ( 0.000000000000000000, 1.000000000000000000, 0.000000000000000000 ) ) ;
#2608 = CARTESIAN_POINT ( 'NONE',  ( -23.11233966971163412, 0.000000000000000000, 21.76883678545718936 ) ) ;
#2609 = VERTEX_POINT ( 'NONE', #392 ) ;
#2610 = DIRECTION ( 'NONE',  ( 0.000000000000000000, 1.000000000000000000, 0.000000000000000000 ) ) ;
#2611 = APPLICATION_CONTEXT ( 'configuration controlled 3d designs of mechanical parts and assemblies' ) ;
#2612 = VERTEX_POINT ( 'NONE', #2608 ) ;
#2613 = PLANE ( 'NONE',  #3155 ) ;
#2614 = ORIENTED_EDGE ( 'NONE', *, *, #1460, .T. ) ;
#2615 = ADVANCED_FACE ( 'NONE', ( #2880 ), #131, .F. ) ;
#2616 = CARTESIAN_POINT ( 'NONE',  ( 60.00000000000000000, 0.000000000000000000, -52.00000000000000000 ) ) ;
#2617 = CARTESIAN_POINT ( 'NONE',  ( -51.99999999999998579, 0.000000000000000000, -51.99999999999998579 ) ) ;
#2618 = CARTESIAN_POINT ( 'NONE',  ( 0.000000000000000000, 0.000000000000000000, -22.00000000000000000 ) ) ;
#2619 = EDGE_CURVE ( 'NONE', #2860, #720, #640, .T. ) ;
#2620 = ORIENTED_EDGE ( 'NONE', *, *, #2022, .T. ) ;
#2621 = CARTESIAN_POINT ( 'NONE',  ( -51.99999999999998579, 0.000000000000000000, -51.99999999999998579 ) ) ;
#2622 = DIRECTION ( 'NONE',  ( 0.000000000000000000, 1.000000000000000000, 0.000000000000000000 ) ) ;
#2623 = CARTESIAN_POINT ( 'NONE',  ( -38.92622830431944436, 1.500000000000000000, 40.26973118857388556 ) ) ;
#2624 = EDGE_LOOP ( 'NONE', ( #1004, #729, #2834, #1815 ) ) ;
#2625 = CARTESIAN_POINT ( 'NONE',  ( -28.13501859548756912, 1.500000000000000000, -29.47852147974129977 ) ) ;
#2626 = EDGE_LOOP ( 'NONE', ( #2824, #2763, #2503, #216, #1525, #2467 ) ) ;
#2627 = DIRECTION ( 'NONE',  ( 0.000000000000000000, 0.000000000000000000, 1.000000000000000000 ) ) ;
#2628 = CIRCLE ( 'NONE', #980, 39.25000000000000000 ) ;
#2629 = ORIENTED_EDGE ( 'NONE', *, *, #3135, .T. ) ;
#2630 = CIRCLE ( 'NONE', #1246, 30.25000000000000000 ) ;
#2631 = CYLINDRICAL_SURFACE ( 'NONE', #795, 48.25000000000000000 ) ;
#2632 = DIRECTION ( 'NONE',  ( -0.7071067811865512365, 0.000000000000000000, -0.7071067811865439090 ) ) ;
#2633 = ORIENTED_EDGE ( 'NONE', *, *, #1282, .T. ) ;
#2634 = VECTOR ( 'NONE', #1728, 1000.000000000000000 ) ;
#2635 = CARTESIAN_POINT ( 'NONE',  ( 51.99999999999998579, 1.500000000000000000, 51.99999999999998579 ) ) ;
#2636 = EDGE_CURVE ( 'NONE', #3060, #1937, #1915, .T. ) ;
#2637 = AXIS2_PLACEMENT_3D ( 'NONE', #2282, #1989, #1513 ) ;
#2638 = ORIENTED_EDGE ( 'NONE', *, *, #1631, .F. ) ;
#2639 = AXIS2_PLACEMENT_3D ( 'NONE', #1168, #1925, #422 ) ;
#2640 = CARTESIAN_POINT ( 'NONE',  ( 0.000000000000000000, 0.000000000000000000, 0.000000000000000000 ) ) ;
#2641 = FACE_OUTER_BOUND ( 'NONE', #1919, .T. ) ;
#2642 = CARTESIAN_POINT ( 'NONE',  ( 0.000000000000000000, 1.500000000000000000, 0.000000000000000000 ) ) ;
#2643 = ADVANCED_FACE ( 'NONE', ( #342 ), #1154, .F. ) ;
#2644 = VECTOR ( 'NONE', #1636, 1000.000000000000000 ) ;
#2645 = ORIENTED_EDGE ( 'NONE', *, *, #939, .T. ) ;
#2646 = CARTESIAN_POINT ( 'NONE',  ( -14.87008725218438165, 1.500000000000000000, 16.21359013643874647 ) ) ;
#2647 = CIRCLE ( 'NONE', #2069, 40.75000000000000000 ) ;
#2648 = ORIENTED_EDGE ( 'NONE', *, *, #1781, .F. ) ;
#2649 = CARTESIAN_POINT ( 'NONE',  ( -27.07405905243249578, 1.500000000000000000, -28.41756193668623709 ) ) ;
#2650 = EDGE_LOOP ( 'NONE', ( #21, #1941, #889, #1227 ) ) ;
#2651 = CARTESIAN_POINT ( 'NONE',  ( 40.26973118857387846, 0.000000000000000000, 38.92622830431944436 ) ) ;
#2652 = VECTOR ( 'NONE', #2360, 1000.000000000000000 ) ;
#2653 = DIRECTION ( 'NONE',  ( -0.000000000000000000, -1.000000000000000000, -0.000000000000000000 ) ) ;
#2654 = VERTEX_POINT ( 'NONE', #2117 ) ;
#2655 = CARTESIAN_POINT ( 'NONE',  ( -29.47852147974158754, 0.000000000000000000, -28.13501859548726713 ) ) ;
#2656 = FACE_OUTER_BOUND ( 'NONE', #1173, .T. ) ;
#2657 = LINE ( 'NONE', #2400, #3012 ) ;
#2658 = ORIENTED_EDGE ( 'NONE', *, *, #1213, .F. ) ;
#2659 = EDGE_CURVE ( 'NONE', #2654, #1261, #1380, .T. ) ;
#2660 = DIRECTION ( 'NONE',  ( 0.000000000000000000, 1.000000000000000000, 0.000000000000000000 ) ) ;
#2661 = LINE ( 'NONE', #1485, #304 ) ;
#2662 = ORIENTED_EDGE ( 'NONE', *, *, #2663, .F. ) ;
#2663 = EDGE_CURVE ( 'NONE', #958, #2018, #2863, .T. ) ;
#2664 = CARTESIAN_POINT ( 'NONE',  ( -34.50039662989175326, 1.500000000000000000, -35.84389951414541997 ) ) ;
#2665 = ORIENTED_EDGE ( 'NONE', *, *, #2149, .T. ) ;
#2666 = LINE ( 'NONE', #190, #242 ) ;
#2667 = CARTESIAN_POINT ( 'NONE',  ( 7.102951435054648059E-15, 0.000000000000000000, 58.00000000000000000 ) ) ;
#2668 = MANIFOLD_SOLID_BREP ( '\X2\51f853f0\X0\-\X2\62c94f38\X0\1', #319 ) ;
#2669 = ORIENTED_EDGE ( 'NONE', *, *, #891, .F. ) ;
#2670 = CARTESIAN_POINT ( 'NONE',  ( 0.000000000000000000, 1.500000000000000000, 0.000000000000000000 ) ) ;
#2671 = CARTESIAN_POINT ( 'NONE',  ( 16.21359013643865410, 0.000000000000000000, 14.87008725218447402 ) ) ;
#2672 = DIRECTION ( 'NONE',  ( 0.7071067811865474617, 0.000000000000000000, -0.7071067811865474617 ) ) ;
#2673 = MANIFOLD_SOLID_BREP ( '\X2\51f853f0\X0\-\X2\62c94f38\X0\9', #1729 ) ;
#2674 = EDGE_LOOP ( 'NONE', ( #1425, #2342, #320, #755 ) ) ;
#2675 = DIRECTION ( 'NONE',  ( 0.7071067811865463515, 0.000000000000000000, -0.7071067811865487940 ) ) ;
#2676 = LINE ( 'NONE', #1431, #515 ) ;
#2677 = ADVANCED_FACE ( 'NONE', ( #1396 ), #839, .T. ) ;
#2678 = ORIENTED_EDGE ( 'NONE', *, *, #1040, .F. ) ;
#2679 = DIRECTION ( 'NONE',  ( 0.000000000000000000, 0.000000000000000000, 1.000000000000000000 ) ) ;
#2680 = ADVANCED_FACE ( 'NONE', ( #2086 ), #411, .T. ) ;
#2681 = ORIENTED_EDGE ( 'NONE', *, *, #2441, .T. ) ;
#2682 = CIRCLE ( 'NONE', #1387, 48.25000000000000000 ) ;
#2683 = DIRECTION ( 'NONE',  ( -0.7071067811865474617, 0.000000000000000000, 0.7071067811865474617 ) ) ;
#2684 = VECTOR ( 'NONE', #1635, 1000.000000000000000 ) ;
#2685 = EDGE_LOOP ( 'NONE', ( #3050, #820, #3151, #2049 ) ) ;
#2686 = CARTESIAN_POINT ( 'NONE',  ( -20.70767792350399006, 1.500000000000000000, -22.05118080775778466 ) ) ;
#2687 = FACE_OUTER_BOUND ( 'NONE', #38, .T. ) ;
#2688 = DIRECTION ( 'NONE',  ( 0.000000000000000000, 0.000000000000000000, 1.000000000000000000 ) ) ;
#2689 = VECTOR ( 'NONE', #286, 1000.000000000000000 ) ;
#2690 = EDGE_LOOP ( 'NONE', ( #2089, #1008, #895, #1015 ) ) ;
#2691 = CARTESIAN_POINT ( 'NONE',  ( 29.47852147974152359, 1.500000000000000000, -28.13501859548731687 ) ) ;
#2692 = VECTOR ( 'NONE', #1788, 1000.000000000000000 ) ;
#2693 = LINE ( 'NONE', #218, #3111 ) ;
#2694 = VERTEX_POINT ( 'NONE', #2132 ) ;
#2695 = DIRECTION ( 'NONE',  ( 1.000000000000000000, -0.000000000000000000, -0.000000000000000000 ) ) ;
#2696 = DIRECTION ( 'NONE',  ( -1.000000000000000000, 0.000000000000000000, 0.000000000000000000 ) ) ;
#2697 = ORIENTED_EDGE ( 'NONE', *, *, #127, .F. ) ;
#2698 = ADVANCED_FACE ( 'NONE', ( #903 ), #83, .F. ) ;
#2699 = LINE ( 'NONE', #1476, #717 ) ;
#2700 = ORIENTED_EDGE ( 'NONE', *, *, #1537, .F. ) ;
#2701 = DIRECTION ( 'NONE',  ( 0.000000000000000000, 0.000000000000000000, -1.000000000000000000 ) ) ;
#2702 = VERTEX_POINT ( 'NONE', #103 ) ;
#2703 = CARTESIAN_POINT ( 'NONE',  ( -51.99999999999998579, 1.500000000000000000, -53.74999999999997158 ) ) ;
#2704 = CARTESIAN_POINT ( 'NONE',  ( 0.000000000000000000, 0.000000000000000000, 0.000000000000000000 ) ) ;
#2705 = ORIENTED_EDGE ( 'NONE', *, *, #1279, .T. ) ;
#2706 = DIRECTION ( 'NONE',  ( 0.000000000000000000, 0.000000000000000000, 1.000000000000000000 ) ) ;
#2707 = DIRECTION ( 'NONE',  ( 0.000000000000000000, 1.000000000000000000, -0.000000000000000000 ) ) ;
#2708 = ORIENTED_EDGE ( 'NONE', *, *, #330, .T. ) ;
#2709 = PLANE ( 'NONE',  #1170 ) ;
#2710 = LINE ( 'NONE', #1948, #828 ) ;
#2711 = EDGE_LOOP ( 'NONE', ( #3146, #3034, #1875, #489 ) ) ;
#2712 = DIRECTION ( 'NONE',  ( 0.000000000000000000, 0.000000000000000000, 1.000000000000000000 ) ) ;
#2713 = APPROVAL_STATUS ( 'not_yet_approved' ) ;
#2714 = ADVANCED_FACE ( 'NONE', ( #2848 ), #851, .T. ) ;
#2715 = VERTEX_POINT ( 'NONE', #1366 ) ;
#2716 = LINE ( 'NONE', #1733, #186 ) ;
#2717 = DIRECTION ( 'NONE',  ( 0.000000000000000000, 0.000000000000000000, 1.000000000000000000 ) ) ;
#2718 = ADVANCED_FACE ( 'NONE', ( #2350, #117, #1119, #2099, #3094, #868 ), #626, .F. ) ;
#2719 = ORIENTED_EDGE ( 'NONE', *, *, #478, .T. ) ;
#2720 = DIRECTION ( 'NONE',  ( 0.000000000000000000, 0.000000000000000000, -1.000000000000000000 ) ) ;
#2721 = LINE ( 'NONE', #1500, #145 ) ;
#2722 = EDGE_LOOP ( 'NONE', ( #1383, #2119, #2420, #1468 ) ) ;
#2723 = CARTESIAN_POINT ( 'NONE',  ( 28.13501859548758688, 0.000000000000000000, 29.47852147974128201 ) ) ;
#2724 = FACE_OUTER_BOUND ( 'NONE', #2995, .T. ) ;
#2725 = EDGE_CURVE ( 'NONE', #962, #1726, #1817, .T. ) ;
#2726 = EDGE_LOOP ( 'NONE', ( #3068, #1159, #1097, #1885 ) ) ;
#2727 = CYLINDRICAL_SURFACE ( 'NONE', #2476, 49.75000000000000711 ) ;
#2728 = AXIS2_PLACEMENT_3D ( 'NONE', #413, #464, #2706 ) ;
#2729 = ORIENTED_EDGE ( 'NONE', *, *, #3140, .F. ) ;
#2730 = FACE_OUTER_BOUND ( 'NONE', #1308, .T. ) ;
#2731 = EDGE_CURVE ( 'NONE', #948, #1868, #3061, .T. ) ;
#2732 = AXIS2_PLACEMENT_3D ( 'NONE', #2053, #865, #3113 ) ;
#2733 = CARTESIAN_POINT ( 'NONE',  ( -38.92622830431987069, 1.500000000000000000, -40.26973118857348766 ) ) ;
#2734 = ORIENTED_EDGE ( 'NONE', *, *, #37, .F. ) ;
#2735 = VECTOR ( 'NONE', #1100, 1000.000000000000000 ) ;
#2736 = DIRECTION ( 'NONE',  ( -0.000000000000000000, -1.000000000000000000, -0.000000000000000000 ) ) ;
#2737 = ADVANCED_FACE ( 'NONE', ( #2182 ), #1975, .T. ) ;
#2738 = CARTESIAN_POINT ( 'NONE',  ( -38.92622830431944436, 1.500000000000000000, 40.26973118857388556 ) ) ;
#2739 = AXIS2_PLACEMENT_3D ( 'NONE', #306, #1066, #2090 ) ;
#2740 = ORIENTED_EDGE ( 'NONE', *, *, #2100, .T. ) ;
#2741 = LOCAL_TIME ( 22, 4, 11.00000000000000000, #1 ) ;
#2742 = CARTESIAN_POINT ( 'NONE',  ( 40.26973118857387846, 1.500000000000000000, 38.92622830431944436 ) ) ;
#2743 = VECTOR ( 'NONE', #2044, 1000.000000000000000 ) ;
#2744 = CARTESIAN_POINT ( 'NONE',  ( 23.11233966971152043, 1.500000000000000000, -21.76883678545729239 ) ) ;
#2745 = AXIS2_PLACEMENT_3D ( 'NONE', #376, #606, #1604 ) ;
#2746 = VERTEX_POINT ( 'NONE', #2198 ) ;
#2747 = DIRECTION ( 'NONE',  ( 0.7071067811865463515, 0.000000000000000000, -0.7071067811865487940 ) ) ;
#2748 = VECTOR ( 'NONE', #2898, 1000.000000000000000 ) ;
#2749 = APPROVAL_STATUS ( 'not_yet_approved' ) ;
#2750 = ORIENTED_EDGE ( 'NONE', *, *, #613, .F. ) ;
#2751 = DIRECTION ( 'NONE',  ( -0.7071067811865474617, 0.000000000000000000, 0.7071067811865474617 ) ) ;
#2752 = DIRECTION ( 'NONE',  ( 0.000000000000000000, 1.000000000000000000, 0.000000000000000000 ) ) ;
#2753 = ORIENTED_EDGE ( 'NONE', *, *, #3000, .T. ) ;
#2754 = LINE ( 'NONE', #1258, #557 ) ;
#2755 = DIRECTION ( 'NONE',  ( 0.000000000000000000, 0.000000000000000000, -1.000000000000000000 ) ) ;
#2756 = ADVANCED_FACE ( 'NONE', ( #2164 ), #3145, .F. ) ;
#2757 = EDGE_LOOP ( 'NONE', ( #475, #305, #2199, #853 ) ) ;
#2758 = DIRECTION ( 'NONE',  ( -0.7071067811865439090, 0.000000000000000000, 0.7071067811865512365 ) ) ;
#2759 = FACE_OUTER_BOUND ( 'NONE', #575, .T. ) ;
#2760 = EDGE_CURVE ( 'NONE', #3123, #881, #2657, .T. ) ;
#2761 = ORIENTED_EDGE ( 'NONE', *, *, #570, .F. ) ;
#2762 = FACE_OUTER_BOUND ( 'NONE', #1584, .T. ) ;
#2763 = ORIENTED_EDGE ( 'NONE', *, *, #1874, .T. ) ;
#2764 = CARTESIAN_POINT ( 'NONE',  ( 20.70767792350365255, 0.000000000000000000, -22.05118080775809730 ) ) ;
#2765 = DIRECTION ( 'NONE',  ( -0.7071067811865512365, 0.000000000000000000, -0.7071067811865439090 ) ) ;
#2766 = VERTEX_POINT ( 'NONE', #3194 ) ;
#2767 = AXIS2_PLACEMENT_3D ( 'NONE', #896, #3124, #468 ) ;
#2768 = DIRECTION ( 'NONE',  ( -0.000000000000000000, -1.000000000000000000, -0.000000000000000000 ) ) ;
#2769 = LINE ( 'NONE', #2738, #1044 ) ;
#2770 = VERTEX_POINT ( 'NONE', #1208 ) ;
#2771 = CARTESIAN_POINT ( 'NONE',  ( 0.000000000000000000, 0.000000000000000000, -30.25000000000000000 ) ) ;
#2772 = CARTESIAN_POINT ( 'NONE',  ( -38.92622830431944436, 1.500000000000000000, 40.26973118857388556 ) ) ;
#2773 = EDGE_CURVE ( 'NONE', #2920, #1777, #2335, .T. ) ;
#2774 = ORIENTED_EDGE ( 'NONE', *, *, #2095, .F. ) ;
#2775 = CARTESIAN_POINT ( 'NONE',  ( -38.92622830431944436, 1.500000000000000000, 40.26973118857388556 ) ) ;
#2776 = ORIENTED_EDGE ( 'NONE', *, *, #1862, .T. ) ;
#2777 = EDGE_CURVE ( 'NONE', #445, #1968, #1093, .T. ) ;
#2778 = CALENDAR_DATE ( 2026, 18, 9 ) ;
#2779 = DIRECTION ( 'NONE',  ( -0.000000000000000000, -1.000000000000000000, -0.000000000000000000 ) ) ;
#2780 = FACE_BOUND ( 'NONE', #1479, .T. ) ;
#2781 = CARTESIAN_POINT ( 'NONE',  ( 34.50039662989135536, 1.500000000000000000, -35.84389951414580366 ) ) ;
#2782 = ORIENTED_EDGE ( 'NONE', *, *, #232, .T. ) ;
#2783 = CARTESIAN_POINT ( 'NONE',  ( -20.70767792350368453, 1.500000000000000000, 22.05118080775806533 ) ) ;
#2784 = VECTOR ( 'NONE', #1043, 1000.000000000000000 ) ;
#2785 = LINE ( 'NONE', #561, #94 ) ;
#2786 = AXIS2_PLACEMENT_3D ( 'NONE', #2569, #1345, #822 ) ;
#2787 = ORIENTED_EDGE ( 'NONE', *, *, #113, .T. ) ;
#2788 = DIRECTION ( 'NONE',  ( 0.000000000000000000, 1.000000000000000000, 0.000000000000000000 ) ) ;
#2789 = AXIS2_PLACEMENT_3D ( 'NONE', #1081, #323, #3063 ) ;
#2790 = ORIENTED_EDGE ( 'NONE', *, *, #2731, .T. ) ;
#2791 = CIRCLE ( 'NONE', #1759, 31.75000000000000000 ) ;
#2792 = CARTESIAN_POINT ( 'NONE',  ( -22.05118080775810796, 1.500000000000000000, 20.70767792350366321 ) ) ;
#2793 = PRODUCT_DEFINITION_FORMATION_WITH_SPECIFIED_SOURCE ( '�', '', #1622, .NOT_KNOWN. ) ;
#2794 = AXIS2_PLACEMENT_3D ( 'NONE', #2290, #809, #2131 ) ;
#2795 = ADVANCED_FACE ( 'NONE', ( #3179 ), #1955, .T. ) ;
#2796 = CARTESIAN_POINT ( 'NONE',  ( -38.92622830431944436, 1.500000000000000000, 40.26973118857388556 ) ) ;
#2797 = AXIS2_PLACEMENT_3D ( 'NONE', #1843, #1087, #149 ) ;
#2798 = CARTESIAN_POINT ( 'NONE',  ( 0.000000000000000000, 1.500000000000000000, 0.000000000000000000 ) ) ;
#2799 = CARTESIAN_POINT ( 'NONE',  ( 38.92622830431945147, 1.500000000000000000, -40.26973118857389267 ) ) ;
#2800 = APPROVAL ( #2713, '未' ) ;
#2801 = ORIENTED_EDGE ( 'NONE', *, *, #751, .F. ) ;
#2802 = CARTESIAN_POINT ( 'NONE',  ( 38.92622830431945147, 1.500000000000000000, -40.26973118857389267 ) ) ;
#2803 = DIRECTION ( 'NONE',  ( -0.7071067811865513475, 0.000000000000000000, -0.7071067811865436870 ) ) ;
#2804 = EDGE_LOOP ( 'NONE', ( #588, #118, #407, #2374 ) ) ;
#2805 = CARTESIAN_POINT ( 'NONE',  ( 35.84389951414577524, 0.000000000000000000, 34.50039662989138378 ) ) ;
#2806 = ORIENTED_EDGE ( 'NONE', *, *, #496, .T. ) ;
#2807 = DIRECTION ( 'NONE',  ( 0.000000000000000000, 0.000000000000000000, 1.000000000000000000 ) ) ;
#2808 = LINE ( 'NONE', #2343, #1722 ) ;
#2809 = DIRECTION ( 'NONE',  ( -0.000000000000000000, -0.000000000000000000, 1.000000000000000000 ) ) ;
#2810 = DIRECTION ( 'NONE',  ( -0.000000000000000000, -1.000000000000000000, -0.000000000000000000 ) ) ;
#2811 = EDGE_CURVE ( 'NONE', #1839, #104, #2903, .T. ) ;
#2812 = ORIENTED_EDGE ( 'NONE', *, *, #1155, .F. ) ;
#2813 = LINE ( 'NONE', #2557, #2059 ) ;
#2814 = DIRECTION ( 'NONE',  ( 0.000000000000000000, 0.000000000000000000, 1.000000000000000000 ) ) ;
#2815 = EDGE_CURVE ( 'NONE', #1292, #3159, #938, .T. ) ;
#2816 = ORIENTED_EDGE ( 'NONE', *, *, #1376, .T. ) ;
#2817 = DIRECTION ( 'NONE',  ( 0.000000000000000000, 1.000000000000000000, 0.000000000000000000 ) ) ;
#2818 = ORIENTED_EDGE ( 'NONE', *, *, #691, .T. ) ;
#2819 = DIRECTION ( 'NONE',  ( -0.000000000000000000, -1.000000000000000000, -0.000000000000000000 ) ) ;
#2820 = ORIENTED_EDGE ( 'NONE', *, *, #1482, .F. ) ;
#2821 = ORIENTED_EDGE ( 'NONE', *, *, #3220, .T. ) ;
#2822 = CARTESIAN_POINT ( 'NONE',  ( 0.000000000000000000, 0.000000000000000000, 0.000000000000000000 ) ) ;
#2823 = DIRECTION ( 'NONE',  ( -0.000000000000000000, -1.000000000000000000, -0.000000000000000000 ) ) ;
#2824 = ORIENTED_EDGE ( 'NONE', *, *, #273, .T. ) ;
#2825 = EDGE_CURVE ( 'NONE', #2916, #2475, #675, .T. ) ;
#2826 = DIRECTION ( 'NONE',  ( 0.000000000000000000, 0.000000000000000000, -1.000000000000000000 ) ) ;
#2827 = DIRECTION ( 'NONE',  ( 0.000000000000000000, 0.000000000000000000, 1.000000000000000000 ) ) ;
#2828 = DIRECTION ( 'NONE',  ( -0.7071067811865513475, 0.000000000000000000, -0.7071067811865436870 ) ) ;
#2829 = ORIENTED_EDGE ( 'NONE', *, *, #1099, .T. ) ;
#2830 = AXIS2_PLACEMENT_3D ( 'NONE', #2742, #2758, #2985 ) ;
#2831 = EDGE_CURVE ( 'NONE', #627, #2018, #213, .T. ) ;
#2832 = CARTESIAN_POINT ( 'NONE',  ( -22.05118080775800138, 0.000000000000000000, -20.70767792350376268 ) ) ;
#2833 = AXIS2_PLACEMENT_3D ( 'NONE', #1269, #1795, #507 ) ;
#2834 = ORIENTED_EDGE ( 'NONE', *, *, #1011, .T. ) ;
#2835 = CIRCLE ( 'NONE', #1757, 8.000000000000014211 ) ;
#2836 = CARTESIAN_POINT ( 'NONE',  ( -34.50039662989136247, 0.000000000000000000, 35.84389951414579656 ) ) ;
#2837 = VECTOR ( 'NONE', #2094, 1000.000000000000000 ) ;
#2838 = AXIS2_PLACEMENT_3D ( 'NONE', #746, #259, #762 ) ;
#2839 = ORIENTED_EDGE ( 'NONE', *, *, #2058, .F. ) ;
#2840 = ORIENTED_EDGE ( 'NONE', *, *, #2994, .T. ) ;
#2841 = LINE ( 'NONE', #1853, #2216 ) ;
#2842 = VECTOR ( 'NONE', #867, 1000.000000000000000 ) ;
#2843 = LINE ( 'NONE', #2068, #2837 ) ;
#2844 = VECTOR ( 'NONE', #1751, 1000.000000000000000 ) ;
#2845 = ORIENTED_EDGE ( 'NONE', *, *, #2483, .F. ) ;
#2846 = CARTESIAN_POINT ( 'NONE',  ( -22.05118080775810085, 1.500000000000000000, 20.70767792350365610 ) ) ;
#2847 = LINE ( 'NONE', #1049, #46 ) ;
#2848 = FACE_OUTER_BOUND ( 'NONE', #1353, .T. ) ;
#2849 = ORIENTED_EDGE ( 'NONE', *, *, #1647, .F. ) ;
#2850 = DIRECTION ( 'NONE',  ( -0.000000000000000000, -1.000000000000000000, -0.000000000000000000 ) ) ;
#2851 = EDGE_CURVE ( 'NONE', #2012, #2597, #1222, .T. ) ;
#2852 = VERTEX_POINT ( 'NONE', #1428 ) ;
#2853 = LINE ( 'NONE', #663, #2432 ) ;
#2854 = EDGE_CURVE ( 'NONE', #892, #582, #703, .T. ) ;
#2855 = EDGE_CURVE ( 'NONE', #1429, #1671, #356, .T. ) ;
#2856 = ORIENTED_EDGE ( 'NONE', *, *, #2259, .T. ) ;
#2857 = CARTESIAN_POINT ( 'NONE',  ( 0.000000000000000000, 1.500000000000000000, 0.000000000000000000 ) ) ;
#2858 = DIRECTION ( 'NONE',  ( 0.000000000000000000, 0.000000000000000000, 1.000000000000000000 ) ) ;
#2859 = CARTESIAN_POINT ( 'NONE',  ( -34.50039662989175326, 0.000000000000000000, -35.84389951414541997 ) ) ;
#2860 = VERTEX_POINT ( 'NONE', #1184 ) ;
#2861 = CARTESIAN_POINT ( 'NONE',  ( 0.000000000000000000, 1.500000000000000000, 0.000000000000000000 ) ) ;
#2862 = FACE_OUTER_BOUND ( 'NONE', #2600, .T. ) ;
#2863 = LINE ( 'NONE', #3130, #991 ) ;
#2864 = ADVANCED_FACE ( 'NONE', ( #461 ), #2448, .F. ) ;
#2865 = EDGE_LOOP ( 'NONE', ( #176, #450, #281, #1452 ) ) ;
#2866 = DIRECTION ( 'NONE',  ( 0.000000000000000000, 1.000000000000000000, 0.000000000000000000 ) ) ;
#2867 = ORIENTED_EDGE ( 'NONE', *, *, #2157, .F. ) ;
#2868 = EDGE_CURVE ( 'NONE', #2449, #2956, #2023, .T. ) ;
#2869 = CARTESIAN_POINT ( 'NONE',  ( 22.05118080775799783, 0.000000000000000000, -20.70767792350376268 ) ) ;
#2870 = ORIENTED_EDGE ( 'NONE', *, *, #18, .F. ) ;
#2871 = LINE ( 'NONE', #1707, #2351 ) ;
#2872 = EDGE_CURVE ( 'NONE', #2032, #2150, #527, .T. ) ;
#2873 = CARTESIAN_POINT ( 'NONE',  ( 28.41756193668650710, 1.500000000000000000, 27.07405905243219735 ) ) ;
#2874 = VECTOR ( 'NONE', #73, 1000.000000000000000 ) ;
#2875 = CARTESIAN_POINT ( 'NONE',  ( 0.000000000000000000, 0.000000000000000000, 0.000000000000000000 ) ) ;
#2876 = EDGE_LOOP ( 'NONE', ( #858, #953, #429, #2560 ) ) ;
#2877 = EDGE_CURVE ( 'NONE', #1123, #249, #3167, .T. ) ;
#2878 = DIRECTION ( 'NONE',  ( -0.000000000000000000, -1.000000000000000000, -0.000000000000000000 ) ) ;
#2879 = DIRECTION ( 'NONE',  ( -0.7071067811865474617, 0.000000000000000000, 0.7071067811865474617 ) ) ;
#2880 = FACE_OUTER_BOUND ( 'NONE', #2165, .T. ) ;
#2881 = VERTEX_POINT ( 'NONE', #246 ) ;
#2882 = CYLINDRICAL_SURFACE ( 'NONE', #338, 31.75000000000000000 ) ;
#2883 = AXIS2_PLACEMENT_3D ( 'NONE', #1832, #593, #1590 ) ;
#2884 = ORIENTED_EDGE ( 'NONE', *, *, #30, .F. ) ;
#2885 = DIRECTION ( 'NONE',  ( 0.7071067811865512365, 0.000000000000000000, 0.7071067811865439090 ) ) ;
#2886 = AXIS2_PLACEMENT_3D ( 'NONE', #1480, #2458, #1745 ) ;
#2887 = ORIENTED_EDGE ( 'NONE', *, *, #2227, .T. ) ;
#2888 = AXIS2_PLACEMENT_3D ( 'NONE', #2207, #2015, #1998 ) ;
#2889 = FACE_OUTER_BOUND ( 'NONE', #1285, .T. ) ;
#2890 = AXIS2_PLACEMENT_3D ( 'NONE', #334, #3072, #2807 ) ;
#2891 = DIRECTION ( 'NONE',  ( 0.7071067811865513475, 0.000000000000000000, 0.7071067811865436870 ) ) ;
#2892 = EDGE_CURVE ( 'NONE', #1625, #881, #558, .T. ) ;
#2893 = VECTOR ( 'NONE', #79, 1000.000000000000000 ) ;
#2894 = ORIENTED_EDGE ( 'NONE', *, *, #3000, .F. ) ;
#2895 = VECTOR ( 'NONE', #1877, 1000.000000000000000 ) ;
#2896 = CARTESIAN_POINT ( 'NONE',  ( 33.43953701199014006, 0.000000000000000000, -34.78303989624458836 ) ) ;
#2897 = CYLINDRICAL_SURFACE ( 'NONE', #2639, 40.75000000000000000 ) ;
#2898 = DIRECTION ( 'NONE',  ( 0.000000000000000000, 1.000000000000000000, 0.000000000000000000 ) ) ;
#2899 = AXIS2_PLACEMENT_3D ( 'NONE', #1891, #1830, #2828 ) ;
#2900 = EDGE_CURVE ( 'NONE', #133, #2593, #1767, .T. ) ;
#2901 = ORIENTED_EDGE ( 'NONE', *, *, #1311, .T. ) ;
#2902 = CYLINDRICAL_SURFACE ( 'NONE', #2525, 40.75000000000000000 ) ;
#2903 = CIRCLE ( 'NONE', #1514, 40.75000000000000000 ) ;
#2904 = CARTESIAN_POINT ( 'NONE',  ( 33.43953701199054507, 1.500000000000000000, 34.78303989624418335 ) ) ;
#2905 = EDGE_LOOP ( 'NONE', ( #2364, #1121, #1209, #1162 ) ) ;
#2906 = FACE_OUTER_BOUND ( 'NONE', #966, .T. ) ;
#2907 = VERTEX_POINT ( 'NONE', #2297 ) ;
#2908 = ORIENTED_EDGE ( 'NONE', *, *, #518, .T. ) ;
#2909 = DIRECTION ( 'NONE',  ( -0.000000000000000000, -1.000000000000000000, -0.000000000000000000 ) ) ;
#2910 = CARTESIAN_POINT ( 'NONE',  ( 0.000000000000000000, 0.000000000000000000, 0.000000000000000000 ) ) ;
#2911 = EDGE_LOOP ( 'NONE', ( #1705, #945, #984, #2939 ) ) ;
#2912 = DIRECTION ( 'NONE',  ( 0.000000000000000000, 1.000000000000000000, 0.000000000000000000 ) ) ;
#2913 = LINE ( 'NONE', #688, #1814 ) ;
#2914 = EDGE_CURVE ( 'NONE', #1369, #159, #1191, .T. ) ;
#2915 = CARTESIAN_POINT ( 'NONE',  ( 38.92622830431945147, 1.500000000000000000, -40.26973118857389267 ) ) ;
#2916 = VERTEX_POINT ( 'NONE', #293 ) ;
#2917 = CARTESIAN_POINT ( 'NONE',  ( 0.000000000000000000, 1.500000000000000000, 0.000000000000000000 ) ) ;
#2918 = EDGE_CURVE ( 'NONE', #3, #1369, #2235, .T. ) ;
#2919 = DIRECTION ( 'NONE',  ( 0.000000000000000000, 1.000000000000000000, 0.000000000000000000 ) ) ;
#2920 = VERTEX_POINT ( 'NONE', #802 ) ;
#2921 = CARTESIAN_POINT ( 'NONE',  ( 0.000000000000000000, 1.500000000000000000, 0.000000000000000000 ) ) ;
#2922 = EDGE_LOOP ( 'NONE', ( #833, #643, #1105, #1990 ) ) ;
#2923 = VERTEX_POINT ( 'NONE', #509 ) ;
#2924 = FACE_BOUND ( 'NONE', #2250, .T. ) ;
#2925 = EDGE_CURVE ( 'NONE', #249, #1030, #247, .T. ) ;
#2926 = DIRECTION ( 'NONE',  ( 0.7071067811865474617, 0.000000000000000000, -0.7071067811865474617 ) ) ;
#2927 = ORIENTED_EDGE ( 'NONE', *, *, #2263, .F. ) ;
#2928 = CARTESIAN_POINT ( 'NONE',  ( -60.00000000000000000, 1.500000000000000000, 52.00000000000000000 ) ) ;
#2929 = CARTESIAN_POINT ( 'NONE',  ( 27.07405905243250999, 0.000000000000000000, 28.41756193668621933 ) ) ;
#2930 = CARTESIAN_POINT ( 'NONE',  ( 51.99999999999998579, 1.500000000000000000, -49.24999999999996447 ) ) ;
#2931 = EDGE_CURVE ( 'NONE', #682, #1928, #55, .T. ) ;
#2932 = ORIENTED_EDGE ( 'NONE', *, *, #1522, .F. ) ;
#2933 = CARTESIAN_POINT ( 'NONE',  ( 0.000000000000000000, 1.500000000000000000, 0.000000000000000000 ) ) ;
#2934 = CARTESIAN_POINT ( 'NONE',  ( -40.26973118857388556, 1.500000000000000000, 38.92622830431944436 ) ) ;
#2935 = ADVANCED_FACE ( 'NONE', ( #1270 ), #263, .T. ) ;
#2936 = VERTEX_POINT ( 'NONE', #1782 ) ;
#2937 = DIRECTION ( 'NONE',  ( -0.7071067811865439090, 0.000000000000000000, 0.7071067811865512365 ) ) ;
#2938 = DIRECTION ( 'NONE',  ( -0.000000000000000000, -1.000000000000000000, -0.000000000000000000 ) ) ;
#2939 = ORIENTED_EDGE ( 'NONE', *, *, #2363, .T. ) ;
#2940 = CC_DESIGN_PERSON_AND_ORGANIZATION_ASSIGNMENT ( #2246, #1730, ( #3217 ) ) ;
#2941 = EDGE_LOOP ( 'NONE', ( #183, #752, #271, #120, #2076, #3209 ) ) ;
#2942 = VECTOR ( 'NONE', #331, 1000.000000000000000 ) ;
#2943 = FACE_BOUND ( 'NONE', #3100, .T. ) ;
#2944 = CARTESIAN_POINT ( 'NONE',  ( -35.84389951414580366, 1.500000000000000000, 34.50039662989135536 ) ) ;
#2945 = AXIS2_PLACEMENT_3D ( 'NONE', #2427, #1904, #1667 ) ;
#2946 = VERTEX_POINT ( 'NONE', #1022 ) ;
#2947 = DIRECTION ( 'NONE',  ( 0.7071067811865436870, 0.000000000000000000, -0.7071067811865513475 ) ) ;
#2948 = VECTOR ( 'NONE', #2472, 1000.000000000000114 ) ;
#2949 = PLANE ( 'NONE',  #1658 ) ;
#2950 = CARTESIAN_POINT ( 'NONE',  ( -40.26973118857388556, 0.000000000000000000, -38.92622830431945147 ) ) ;
#2951 = VECTOR ( 'NONE', #2051, 1000.000000000000000 ) ;
#2952 = VECTOR ( 'NONE', #1406, 1000.000000000000114 ) ;
#2953 = ORIENTED_EDGE ( 'NONE', *, *, #526, .F. ) ;
#2954 = CARTESIAN_POINT ( 'NONE',  ( 0.000000000000000000, 0.000000000000000000, 0.000000000000000000 ) ) ;
#2955 = DIRECTION ( 'NONE',  ( 0.000000000000000000, 0.000000000000000000, 1.000000000000000000 ) ) ;
#2956 = VERTEX_POINT ( 'NONE', #1069 ) ;
#2957 = AXIS2_PLACEMENT_3D ( 'NONE', #2301, #806, #1287 ) ;
#2958 = FACE_BOUND ( 'NONE', #2188, .T. ) ;
#2959 = CYLINDRICAL_SURFACE ( 'NONE', #511, 49.75000000000000711 ) ;
#2960 = EDGE_CURVE ( 'NONE', #1126, #2936, #1284, .T. ) ;
#2961 = ORIENTED_EDGE ( 'NONE', *, *, #878, .F. ) ;
#2962 = DIRECTION ( 'NONE',  ( 0.000000000000000000, 1.000000000000000000, 0.000000000000000000 ) ) ;
#2963 = EDGE_CURVE ( 'NONE', #2746, #892, #1556, .T. ) ;
#2964 = DATE_TIME_ROLE ( 'creation_date' ) ;
#2965 = EDGE_LOOP ( 'NONE', ( #748, #394, #2820, #597 ) ) ;
#2966 = LINE ( 'NONE', #1540, #2948 ) ;
#2967 = CARTESIAN_POINT ( 'NONE',  ( -51.99999999999998579, 1.500000000000000000, -51.99999999999998579 ) ) ;
#2968 = ORIENTED_EDGE ( 'NONE', *, *, #2153, .T. ) ;
#2969 = DIRECTION ( 'NONE',  ( 0.000000000000000000, 1.000000000000000000, 0.000000000000000000 ) ) ;
#2970 = CARTESIAN_POINT ( 'NONE',  ( 60.00000000000000000, 0.000000000000000000, 52.00000000000000000 ) ) ;
#2971 = VERTEX_POINT ( 'NONE', #3045 ) ;
#2972 = PLANE ( 'NONE',  #2045 ) ;
#2973 = LINE ( 'NONE', #2485, #91 ) ;
#2974 = ORIENTED_EDGE ( 'NONE', *, *, #1297, .F. ) ;
#2975 = EDGE_CURVE ( 'NONE', #2923, #2291, #1140, .T. ) ;
#2976 = CARTESIAN_POINT ( 'NONE',  ( -14.87008725218437455, 1.500000000000000000, 16.21359013643873581 ) ) ;
#2977 = EDGE_CURVE ( 'NONE', #1156, #1190, #1559, .T. ) ;
#2978 = ORIENTED_EDGE ( 'NONE', *, *, #1688, .T. ) ;
#2979 = FACE_BOUND ( 'NONE', #3204, .T. ) ;
#2980 = CARTESIAN_POINT ( 'NONE',  ( 0.000000000000000000, 0.000000000000000000, 0.000000000000000000 ) ) ;
#2981 = ORIENTED_EDGE ( 'NONE', *, *, #2303, .F. ) ;
#2982 = LINE ( 'NONE', #2006, #1954 ) ;
#2983 = DIRECTION ( 'NONE',  ( -0.000000000000000000, -1.000000000000000000, -0.000000000000000000 ) ) ;
#2984 = ORIENTED_EDGE ( 'NONE', *, *, #1585, .T. ) ;
#2985 = DIRECTION ( 'NONE',  ( 0.7071067811865512365, 0.000000000000000000, 0.7071067811865439090 ) ) ;
#2986 = LINE ( 'NONE', #2744, #1457 ) ;
#2987 = VERTEX_POINT ( 'NONE', #310 ) ;
#2988 = LINE ( 'NONE', #2976, #2061 ) ;
#2989 = VECTOR ( 'NONE', #134, 1000.000000000000000 ) ;
#2990 = ORIENTED_EDGE ( 'NONE', *, *, #2320, .F. ) ;
#2991 = DIRECTION ( 'NONE',  ( 0.000000000000000000, 0.000000000000000000, -1.000000000000000000 ) ) ;
#2992 = VECTOR ( 'NONE', #1696, 1000.000000000000000 ) ;
#2993 = DIRECTION ( 'NONE',  ( 0.000000000000000000, 0.000000000000000000, 1.000000000000000000 ) ) ;
#2994 = EDGE_CURVE ( 'NONE', #2766, #2101, #1347, .T. ) ;
#2995 = EDGE_LOOP ( 'NONE', ( #308, #2729, #388, #614 ) ) ;
#2996 = AXIS2_PLACEMENT_3D ( 'NONE', #737, #556, #2521 ) ;
#2997 = LINE ( 'NONE', #2524, #1753 ) ;
#2998 = DIRECTION ( 'NONE',  ( 0.000000000000000000, 0.000000000000000000, 1.000000000000000000 ) ) ;
#2999 = AXIS2_PLACEMENT_3D ( 'NONE', #1056, #1495, #2249 ) ;
#3000 = EDGE_CURVE ( 'NONE', #3, #2920, #1250, .T. ) ;
#3001 = VECTOR ( 'NONE', #1743, 1000.000000000000000 ) ;
#3002 = VERTEX_POINT ( 'NONE', #36 ) ;
#3003 = LOCAL_TIME ( 22, 4, 11.00000000000000000, #2539 ) ;
#3004 = DIRECTION ( 'NONE',  ( -0.000000000000000000, -1.000000000000000000, -0.000000000000000000 ) ) ;
#3005 = VECTOR ( 'NONE', #1134, 1000.000000000000000 ) ;
#3006 = DIRECTION ( 'NONE',  ( -0.7071067811865475727, 0.000000000000000000, 0.7071067811865475727 ) ) ;
#3007 = ORIENTED_EDGE ( 'NONE', *, *, #471, .T. ) ;
#3008 = CC_DESIGN_SECURITY_CLASSIFICATION ( #3217, ( #2793 ) ) ;
#3009 = AXIS2_PLACEMENT_3D ( 'NONE', #2463, #1913, #2955 ) ;
#3010 = EDGE_LOOP ( 'NONE', ( #2481, #837, #2556, #2457 ) ) ;
#3011 = LINE ( 'NONE', #3226, #1248 ) ;
#3012 = VECTOR ( 'NONE', #969, 1000.000000000000000 ) ;
#3013 = DATE_AND_TIME ( #2505, #2741 ) ;
#3014 = ORIENTED_EDGE ( 'NONE', *, *, #3122, .F. ) ;
#3015 = FACE_BOUND ( 'NONE', #369, .T. ) ;
#3016 = CARTESIAN_POINT ( 'NONE',  ( 0.000000000000000000, 0.000000000000000000, 0.000000000000000000 ) ) ;
#3017 = ORIENTED_EDGE ( 'NONE', *, *, #109, .F. ) ;
#3018 = EDGE_CURVE ( 'NONE', #3074, #1856, #1316, .T. ) ;
#3019 = CARTESIAN_POINT ( 'NONE',  ( -40.26973118857388556, 1.500000000000000000, -38.92622830431945147 ) ) ;
#3020 = DIRECTION ( 'NONE',  ( 0.000000000000000000, 0.000000000000000000, 1.000000000000000000 ) ) ;
#3021 = ORIENTED_EDGE ( 'NONE', *, *, #353, .F. ) ;
#3022 = EDGE_CURVE ( 'NONE', #1061, #349, #3110, .T. ) ;
#3023 = CARTESIAN_POINT ( 'NONE',  ( 0.000000000000000000, 1.500000000000000000, 0.000000000000000000 ) ) ;
#3024 = CARTESIAN_POINT ( 'NONE',  ( 20.70767792350400072, 1.500000000000000000, 22.05118080775777401 ) ) ;
#3025 = AXIS2_PLACEMENT_3D ( 'NONE', #816, #3043, #2553 ) ;
#3026 = ORIENTED_EDGE ( 'NONE', *, *, #2994, .F. ) ;
#3027 = DIRECTION ( 'NONE',  ( -0.000000000000000000, -1.000000000000000000, -0.000000000000000000 ) ) ;
#3028 = ORIENTED_EDGE ( 'NONE', *, *, #2183, .T. ) ;
#3029 = DATE_TIME_ROLE ( 'classification_date' ) ;
#3030 = ORIENTED_EDGE ( 'NONE', *, *, #1135, .T. ) ;
#3031 = CARTESIAN_POINT ( 'NONE',  ( -38.92622830431944436, 1.500000000000000000, 40.26973118857388556 ) ) ;
#3032 = EDGE_CURVE ( 'NONE', #3065, #133, #2533, .T. ) ;
#3033 = CARTESIAN_POINT ( 'NONE',  ( 0.000000000000000000, 1.500000000000000000, 0.000000000000000000 ) ) ;
#3034 = ORIENTED_EDGE ( 'NONE', *, *, #661, .T. ) ;
#3035 = LINE ( 'NONE', #1318, #1550 ) ;
#3036 = DIRECTION ( 'NONE',  ( 0.000000000000000000, 1.000000000000000000, 0.000000000000000000 ) ) ;
#3037 = EDGE_LOOP ( 'NONE', ( #2708, #1475, #3112, #431 ) ) ;
#3038 = DIRECTION ( 'NONE',  ( 0.000000000000000000, 1.000000000000000000, 0.000000000000000000 ) ) ;
#3039 = LINE ( 'NONE', #549, #3005 ) ;
#3040 = EDGE_CURVE ( 'NONE', #3165, #2654, #664, .T. ) ;
#3041 = VERTEX_POINT ( 'NONE', #1838 ) ;
#3042 = CARTESIAN_POINT ( 'NONE',  ( 38.92622830431945147, 1.500000000000000000, -40.26973118857389267 ) ) ;
#3043 = DIRECTION ( 'NONE',  ( 0.000000000000000000, 1.000000000000000000, 0.000000000000000000 ) ) ;
#3044 = DIRECTION ( 'NONE',  ( 0.000000000000000000, 1.000000000000000000, 0.000000000000000000 ) ) ;
#3045 = CARTESIAN_POINT ( 'NONE',  ( 51.99999999999998579, 1.500000000000000000, 49.24999999999996447 ) ) ;
#3046 = AXIS2_PLACEMENT_3D ( 'NONE', #2561, #2134, #872 ) ;
#3047 = ORIENTED_EDGE ( 'NONE', *, *, #1141, .T. ) ;
#3048 = DIRECTION ( 'NONE',  ( 0.000000000000000000, 0.000000000000000000, 1.000000000000000000 ) ) ;
#3049 = CARTESIAN_POINT ( 'NONE',  ( 51.99999999999998579, 1.500000000000000000, -54.75000000000000000 ) ) ;
#3050 = ORIENTED_EDGE ( 'NONE', *, *, #1518, .T. ) ;
#3051 = EDGE_LOOP ( 'NONE', ( #169, #1392 ) ) ;
#3052 = PLANE ( 'NONE',  #696 ) ;
#3053 = VECTOR ( 'NONE', #1778, 1000.000000000000000 ) ;
#3054 = CIRCLE ( 'NONE', #2431, 1.749999999999987566 ) ;
#3055 = ORIENTED_EDGE ( 'NONE', *, *, #3135, .F. ) ;
#3056 = VECTOR ( 'NONE', #409, 1000.000000000000114 ) ;
#3057 = EDGE_CURVE ( 'NONE', #1777, #3123, #573, .T. ) ;
#3058 = DIRECTION ( 'NONE',  ( -0.7071067811865474617, 0.000000000000000000, 0.7071067811865474617 ) ) ;
#3059 = AXIS2_PLACEMENT_3D ( 'NONE', #1240, #994, #741 ) ;
#3060 = VERTEX_POINT ( 'NONE', #3077 ) ;
#3061 = CIRCLE ( 'NONE', #1662, 48.25000000000000000 ) ;
#3062 = EDGE_CURVE ( 'NONE', #85, #2971, #1299, .T. ) ;
#3063 = DIRECTION ( 'NONE',  ( 0.000000000000000000, 0.000000000000000000, 1.000000000000000000 ) ) ;
#3064 = LINE ( 'NONE', #600, #2328 ) ;
#3065 = VERTEX_POINT ( 'NONE', #3089 ) ;
#3066 = LINE ( 'NONE', #838, #2527 ) ;
#3067 = DIRECTION ( 'NONE',  ( 0.7071067811865463515, 0.000000000000000000, -0.7071067811865487940 ) ) ;
#3068 = ORIENTED_EDGE ( 'NONE', *, *, #1576, .F. ) ;
#3069 = DIRECTION ( 'NONE',  ( -0.7071067811865513475, 0.000000000000000000, -0.7071067811865436870 ) ) ;
#3070 = ADVANCED_FACE ( 'NONE', ( #1342 ), #1389, .T. ) ;
#3071 = EDGE_LOOP ( 'NONE', ( #1404, #2440, #2125, #771 ) ) ;
#3072 = DIRECTION ( 'NONE',  ( 0.000000000000000000, 1.000000000000000000, 0.000000000000000000 ) ) ;
#3073 = EDGE_CURVE ( 'NONE', #3191, #224, #3064, .T. ) ;
#3074 = VERTEX_POINT ( 'NONE', #1083 ) ;
#3075 = ORIENTED_EDGE ( 'NONE', *, *, #160, .F. ) ;
#3076 = DIRECTION ( 'NONE',  ( 0.000000000000000000, 1.000000000000000000, 0.000000000000000000 ) ) ;
#3077 = CARTESIAN_POINT ( 'NONE',  ( 29.47852147974159109, 0.000000000000000000, 28.13501859548726358 ) ) ;
#3078 = ADVANCED_FACE ( 'NONE', ( #2312 ), #1114, .F. ) ;
#3079 = VERTEX_POINT ( 'NONE', #2128 ) ;
#3080 = LINE ( 'NONE', #850, #2684 ) ;
#3081 = CARTESIAN_POINT ( 'NONE',  ( 38.92622830431945147, 1.500000000000000000, -40.26973118857389267 ) ) ;
#3082 = ORIENTED_EDGE ( 'NONE', *, *, #2423, .F. ) ;
#3083 = CARTESIAN_POINT ( 'NONE',  ( 0.000000000000000000, 1.500000000000000000, -30.25000000000000000 ) ) ;
#3084 = VERTEX_POINT ( 'NONE', #1633 ) ;
#3085 = CARTESIAN_POINT ( 'NONE',  ( 0.000000000000000000, 1.500000000000000000, 0.000000000000000000 ) ) ;
#3086 = EDGE_LOOP ( 'NONE', ( #1695, #646, #2681, #2215 ) ) ;
#3087 = LINE ( 'NONE', #1339, #1471 ) ;
#3088 = DIRECTION ( 'NONE',  ( 0.000000000000000000, 0.000000000000000000, 1.000000000000000000 ) ) ;
#3089 = CARTESIAN_POINT ( 'NONE',  ( 0.000000000000000000, 1.500000000000000000, -48.25000000000000000 ) ) ;
#3090 = ORIENTED_EDGE ( 'NONE', *, *, #747, .F. ) ;
#3091 = DIRECTION ( 'NONE',  ( -0.000000000000000000, -1.000000000000000000, -0.000000000000000000 ) ) ;
#3092 = DIRECTION ( 'NONE',  ( -0.000000000000000000, -1.000000000000000000, -0.000000000000000000 ) ) ;
#3093 = EDGE_CURVE ( 'NONE', #1261, #2236, #2843, .T. ) ;
#3094 = FACE_BOUND ( 'NONE', #12, .T. ) ;
#3095 = VERTEX_POINT ( 'NONE', #3126 ) ;
#3096 = CIRCLE ( 'NONE', #1291, 48.25000000000000000 ) ;
#3097 = CARTESIAN_POINT ( 'NONE',  ( -38.92622830431944436, 0.000000000000000000, 40.26973118857388556 ) ) ;
#3098 = ADVANCED_FACE ( 'NONE', ( #1826 ), #1583, .F. ) ;
#3099 = AXIS2_PLACEMENT_3D ( 'NONE', #740, #1529, #250 ) ;
#3100 = EDGE_LOOP ( 'NONE', ( #694, #1236, #2414, #2776 ) ) ;
#3101 = AXIS2_PLACEMENT_3D ( 'NONE', #860, #3076, #3088 ) ;
#3102 = DIRECTION ( 'NONE',  ( 0.000000000000000000, 0.000000000000000000, 1.000000000000000000 ) ) ;
#3103 = VECTOR ( 'NONE', #2810, 1000.000000000000000 ) ;
#3104 = CIRCLE ( 'NONE', #139, 49.75000000000000711 ) ;
#3105 = VERTEX_POINT ( 'NONE', #898 ) ;
#3106 = FACE_BOUND ( 'NONE', #1663, .T. ) ;
#3107 = DIRECTION ( 'NONE',  ( 0.000000000000000000, 1.000000000000000000, 0.000000000000000000 ) ) ;
#3108 = AXIS2_PLACEMENT_3D ( 'NONE', #916, #164, #937 ) ;
#3109 = EDGE_CURVE ( 'NONE', #1005, #1726, #884, .T. ) ;
#3110 = LINE ( 'NONE', #1873, #3103 ) ;
#3111 = VECTOR ( 'NONE', #2983, 1000.000000000000000 ) ;
#3112 = ORIENTED_EDGE ( 'NONE', *, *, #1282, .F. ) ;
#3113 = DIRECTION ( 'NONE',  ( 0.7071067811865474617, 0.000000000000000000, -0.7071067811865474617 ) ) ;
#3114 = DIRECTION ( 'NONE',  ( 0.000000000000000000, 1.000000000000000000, 0.000000000000000000 ) ) ;
#3115 = CARTESIAN_POINT ( 'NONE',  ( 0.000000000000000000, 0.000000000000000000, 0.000000000000000000 ) ) ;
#3116 = ADVANCED_FACE ( 'NONE', ( #2346 ), #861, .F. ) ;
#3117 = ORIENTED_EDGE ( 'NONE', *, *, #1397, .F. ) ;
#3118 = DIRECTION ( 'NONE',  ( 0.7071067811865513475, 0.000000000000000000, 0.7071067811865436870 ) ) ;
#3119 = ADVANCED_FACE ( 'NONE', ( #337 ), #2331, .T. ) ;
#3120 = VERTEX_POINT ( 'NONE', #847 ) ;
#3121 = DIRECTION ( 'NONE',  ( 0.000000000000000000, 1.000000000000000000, 0.000000000000000000 ) ) ;
#3122 = EDGE_CURVE ( 'NONE', #3002, #1305, #372, .T. ) ;
#3123 = VERTEX_POINT ( 'NONE', #2859 ) ;
#3124 = DIRECTION ( 'NONE',  ( 0.000000000000000000, 1.000000000000000000, 0.000000000000000000 ) ) ;
#3125 = PLANE ( 'NONE',  #1808 ) ;
#3126 = CARTESIAN_POINT ( 'NONE',  ( -60.00000000000000000, 1.500000000000000000, 52.00000000000000000 ) ) ;
#3127 = VERTEX_POINT ( 'NONE', #636 ) ;
#3128 = DIRECTION ( 'NONE',  ( 1.000000000000000000, -0.000000000000000000, 0.000000000000000000 ) ) ;
#3129 = CARTESIAN_POINT ( 'NONE',  ( 28.41756193668646446, 0.000000000000000000, -27.07405905243225419 ) ) ;
#3130 = CARTESIAN_POINT ( 'NONE',  ( -38.92622830431944436, 1.500000000000000000, 40.26973118857388556 ) ) ;
#3131 = VERTEX_POINT ( 'NONE', #2618 ) ;
#3132 = CARTESIAN_POINT ( 'NONE',  ( -38.92622830431944436, 0.000000000000000000, 40.26973118857388556 ) ) ;
#3133 = VERTEX_POINT ( 'NONE', #1440 ) ;
#3134 = PLANE ( 'NONE',  #2219 ) ;
#3135 = EDGE_CURVE ( 'NONE', #104, #2291, #932, .T. ) ;
#3136 = ORIENTED_EDGE ( 'NONE', *, *, #526, .T. ) ;
#3137 = FACE_BOUND ( 'NONE', #1012, .T. ) ;
#3138 = LINE ( 'NONE', #452, #3211 ) ;
#3139 = VECTOR ( 'NONE', #827, 1000.000000000000000 ) ;
#3140 = EDGE_CURVE ( 'NONE', #2694, #2326, #1411, .T. ) ;
#3141 = CARTESIAN_POINT ( 'NONE',  ( 0.000000000000000000, 1.500000000000000000, 0.000000000000000000 ) ) ;
#3142 = ORIENTED_EDGE ( 'NONE', *, *, #1446, .T. ) ;
#3143 = DIRECTION ( 'NONE',  ( 0.000000000000000000, 0.000000000000000000, 1.000000000000000000 ) ) ;
#3144 = DIRECTION ( 'NONE',  ( 0.7071067811865475727, -0.000000000000000000, 0.7071067811865475727 ) ) ;
#3145 = PLANE ( 'NONE',  #2489 ) ;
#3146 = ORIENTED_EDGE ( 'NONE', *, *, #2868, .F. ) ;
#3147 = DIRECTION ( 'NONE',  ( 0.000000000000000000, 0.000000000000000000, 1.000000000000000000 ) ) ;
#3148 = VERTEX_POINT ( 'NONE', #2667 ) ;
#3149 = DIRECTION ( 'NONE',  ( 0.000000000000000000, 0.000000000000000000, 1.000000000000000000 ) ) ;
#3150 = VECTOR ( 'NONE', #2039, 1000.000000000000000 ) ;
#3151 = ORIENTED_EDGE ( 'NONE', *, *, #32, .F. ) ;
#3152 = VECTOR ( 'NONE', #3206, 1000.000000000000000 ) ;
#3153 = EDGE_CURVE ( 'NONE', #3060, #1779, #2209, .T. ) ;
#3154 = CARTESIAN_POINT ( 'NONE',  ( -51.99999999999998579, 1.500000000000000000, 50.24999999999999289 ) ) ;
#3155 = AXIS2_PLACEMENT_3D ( 'NONE', #2154, #2393, #909 ) ;
#3156 = FACE_OUTER_BOUND ( 'NONE', #3010, .T. ) ;
#3157 = VECTOR ( 'NONE', #1477, 1000.000000000000000 ) ;
#3158 = ADVANCED_FACE ( 'NONE', ( #2159 ), #2409, .F. ) ;
#3159 = VERTEX_POINT ( 'NONE', #2944 ) ;
#3160 = CIRCLE ( 'NONE', #143, 1.749999999999987566 ) ;
#3161 = CYLINDRICAL_SURFACE ( 'NONE', #2945, 1.749999999999987566 ) ;
#3162 = CARTESIAN_POINT ( 'NONE',  ( 21.76883678545718936, 1.500000000000000000, -23.11233966971163412 ) ) ;
#3163 = CARTESIAN_POINT ( 'NONE',  ( 38.92622830431945147, 1.500000000000000000, -40.26973118857389267 ) ) ;
#3164 = CIRCLE ( 'NONE', #1146, 31.75000000000000000 ) ;
#3165 = VERTEX_POINT ( 'NONE', #436 ) ;
#3166 = CARTESIAN_POINT ( 'NONE',  ( 52.00000000000000000, 0.000000000000000000, -60.00000000000000000 ) ) ;
#3167 = CIRCLE ( 'NONE', #2174, 30.25000000000000000 ) ;
#3168 = CARTESIAN_POINT ( 'NONE',  ( -51.99999999999998579, 1.500000000000000000, -51.99999999999998579 ) ) ;
#3169 = ORIENTED_EDGE ( 'NONE', *, *, #2603, .F. ) ;
#3170 = CARTESIAN_POINT ( 'NONE',  ( 0.000000000000000000, 0.000000000000000000, -48.25000000000000000 ) ) ;
#3171 = VERTEX_POINT ( 'NONE', #718 ) ;
#3172 = ORIENTED_EDGE ( 'NONE', *, *, #1789, .T. ) ;
#3173 = DIRECTION ( 'NONE',  ( 0.000000000000000000, 1.000000000000000000, 0.000000000000000000 ) ) ;
#3174 = DIRECTION ( 'NONE',  ( 0.000000000000000000, 0.000000000000000000, 1.000000000000000000 ) ) ;
#3175 = EDGE_CURVE ( 'NONE', #797, #2694, #453, .T. ) ;
#3176 = ORIENTED_EDGE ( 'NONE', *, *, #172, .T. ) ;
#3177 = FACE_OUTER_BOUND ( 'NONE', #1847, .T. ) ;
#3178 = CARTESIAN_POINT ( 'NONE',  ( 20.70767792350365610, 1.500000000000000000, -22.05118080775810085 ) ) ;
#3179 = FACE_OUTER_BOUND ( 'NONE', #264, .T. ) ;
#3180 = EDGE_CURVE ( 'NONE', #1671, #1429, #3054, .T. ) ;
#3181 = EDGE_LOOP ( 'NONE', ( #2506, #1205, #2269, #284 ) ) ;
#3182 = FACE_OUTER_BOUND ( 'NONE', #501, .T. ) ;
#3183 = CARTESIAN_POINT ( 'NONE',  ( 0.000000000000000000, 1.500000000000000000, -58.00000000000000000 ) ) ;
#3184 = EDGE_CURVE ( 'NONE', #797, #2946, #1900, .T. ) ;
#3185 = ORIENTED_EDGE ( 'NONE', *, *, #1846, .T. ) ;
#3186 = DIRECTION ( 'NONE',  ( 0.000000000000000000, 0.000000000000000000, 1.000000000000000000 ) ) ;
#3187 = EDGE_LOOP ( 'NONE', ( #521, #1999, #1050, #1581 ) ) ;
#3188 = CARTESIAN_POINT ( 'NONE',  ( -38.92622830431944436, 0.000000000000000000, 40.26973118857388556 ) ) ;
#3189 = MECHANICAL_CONTEXT ( 'NONE', #2611, 'mechanical' ) ;
#3190 = AXIS2_PLACEMENT_3D ( 'NONE', #2254, #548, #1027 ) ;
#3191 = VERTEX_POINT ( 'NONE', #473 ) ;
#3192 = FACE_OUTER_BOUND ( 'NONE', #2208, .T. ) ;
#3193 = CARTESIAN_POINT ( 'NONE',  ( 38.92622830431945147, 1.500000000000000000, -40.26973118857389267 ) ) ;
#3194 = CARTESIAN_POINT ( 'NONE',  ( 16.21359013643865410, 1.500000000000000000, 14.87008725218447402 ) ) ;
#3195 = ORIENTED_EDGE ( 'NONE', *, *, #2502, .T. ) ;
#3196 = EDGE_CURVE ( 'NONE', #885, #1573, #2424, .T. ) ;
#3197 = DIRECTION ( 'NONE',  ( -0.000000000000000000, -1.000000000000000000, -0.000000000000000000 ) ) ;
#3198 = DIRECTION ( 'NONE',  ( 0.000000000000000000, 1.000000000000000000, 0.000000000000000000 ) ) ;
#3199 = EDGE_LOOP ( 'NONE', ( #2028, #1298, #776, #3017 ) ) ;
#3200 = EDGE_CURVE ( 'NONE', #1689, #2060, #965, .T. ) ;
#3201 = CARTESIAN_POINT ( 'NONE',  ( 21.76883678545718936, 1.500000000000000000, -23.11233966971163412 ) ) ;
#3202 = CARTESIAN_POINT ( 'NONE',  ( 40.26973118857387846, 0.000000000000000000, 38.92622830431944436 ) ) ;
#3203 = VECTOR ( 'NONE', #808, 1000.000000000000000 ) ;
#3204 = EDGE_LOOP ( 'NONE', ( #2568, #3007, #420, #2491 ) ) ;
#3205 = VECTOR ( 'NONE', #1086, 1000.000000000000000 ) ;
#3206 = DIRECTION ( 'NONE',  ( -0.7071067811865439090, 0.000000000000000000, 0.7071067811865512365 ) ) ;
#3207 = PLANE ( 'NONE',  #2222 ) ;
#3208 = AXIS2_PLACEMENT_3D ( 'NONE', #2670, #1413, #3143 ) ;
#3209 = ORIENTED_EDGE ( 'NONE', *, *, #2041, .F. ) ;
#3210 = FACE_OUTER_BOUND ( 'NONE', #2588, .T. ) ;
#3211 = VECTOR ( 'NONE', #1950, 1000.000000000000000 ) ;
#3212 = DIRECTION ( 'NONE',  ( 0.000000000000000000, 0.000000000000000000, -1.000000000000000000 ) ) ;
#3213 = VECTOR ( 'NONE', #2474, 1000.000000000000000 ) ;
#3214 = AXIS2_PLACEMENT_3D ( 'NONE', #2308, #2536, #2323 ) ;
#3215 = EDGE_LOOP ( 'NONE', ( #329, #855, #106, #1483 ) ) ;
#3216 = DIRECTION ( 'NONE',  ( 0.000000000000000000, 1.000000000000000000, 0.000000000000000000 ) ) ;
#3217 = SECURITY_CLASSIFICATION ( '', '', #2294 ) ;
#3218 = AXIS2_PLACEMENT_3D ( 'NONE', #968, #2163, #2147 ) ;
#3219 = LINE ( 'NONE', #495, #2019 ) ;
#3220 = EDGE_CURVE ( 'NONE', #3079, #1271, #1036, .T. ) ;
#3221 = ORIENTED_EDGE ( 'NONE', *, *, #1960, .T. ) ;
#3222 = DIRECTION ( 'NONE',  ( -0.000000000000000000, -1.000000000000000000, -0.000000000000000000 ) ) ;
#3223 = CARTESIAN_POINT ( 'NONE',  ( 29.47852147974153425, 0.000000000000000000, -28.13501859548732398 ) ) ;
#3224 = ADVANCED_FACE ( 'NONE', ( #3156 ), #3207, .F. ) ;
#3225 = EDGE_LOOP ( 'NONE', ( #2170, #2371, #1614, #929 ) ) ;
#3226 = CARTESIAN_POINT ( 'NONE',  ( -38.92622830431944436, 0.000000000000000000, 40.26973118857388556 ) ) ;
ENDSEC;
END-ISO-10303-21;
